[
  {
    "name": "Arahal, SEVILLA"
  },
  {
    "name": "Marchena, SEVILLA"
  },
  {
    "name": "Osuna, SEVILLA"
  },
  {
    "name": "Pedrera, SEVILLA"
  },
  {
    "name": "Puente Genil-Herrera, CÓRDOBA"
  },
  {
    "name": "Antequera-Santa Ana, MÁLAGA"
  },
  {
    "name": "Antequera AV, MÁLAGA"
  },
  {
    "name": "Mengíbar-Artichuela, JAÉN"
  },
  {
    "name": "Granena (APD-CGD), JAÉN"
  },
  {
    "name": "Jaén"
  },
  {
    "name": "Cuenca-Fernando Zóbel"
  },
  {
    "name": "Requena-Utiel, VALENCIA/VALÈNCIA"
  },
  {
    "name": "València-Joaquín Sorolla, VALENCIA/VALÈNCIA"
  },
  {
    "name": "Villena Alta Velocidad, ALICANTE/ALACANT"
  },
  {
    "name": "Elche/Elx AV, ALICANTE/ALACANT"
  },
  {
    "name": "Callosa de Segura-Cox, ALICANTE/ALACANT"
  },
  {
    "name": "Guadalajara-Yebes"
  },
  {
    "name": "Zaragoza Delicias"
  },
  {
    "name": "Camp de Tarragona"
  },
  {
    "name": "Figueres-Vilafant, GIRONA"
  },
  {
    "name": "Granada"
  },
  {
    "name": "Loja, GRANADA"
  },
  {
    "name": "Loja-San Francisco, GRANADA"
  },
  {
    "name": "Antequera-Ciudad, MÁLAGA"
  },
  {
    "name": "San Xoán, A CORUÑA"
  },
  {
    "name": "Santa Icía, A CORUÑA"
  },
  {
    "name": "Virxe do Mar, A CORUÑA"
  },
  {
    "name": "Piñeiros, A CORUÑA"
  },
  {
    "name": "o Ponto, A CORUÑA"
  },
  {
    "name": "Xuvia, A CORUÑA"
  },
  {
    "name": "o Alto do Castiñeiro, A CORUÑA"
  },
  {
    "name": "Ferrerías, A CORUÑA"
  },
  {
    "name": "Santander-Feve, CANTABRIA"
  },
  {
    "name": "Sedes, A CORUÑA"
  },
  {
    "name": "Pedroso de Narón, A CORUÑA"
  },
  {
    "name": "San Sadurniño, A CORUÑA"
  },
  {
    "name": "Lamas, A CORUÑA"
  },
  {
    "name": "Apalla, A CORUÑA"
  },
  {
    "name": "Moeche, A CORUÑA"
  },
  {
    "name": "Labacengos, A CORUÑA"
  },
  {
    "name": "Entrambarrías, A CORUÑA"
  },
  {
    "name": "Cerdido, A CORUÑA"
  },
  {
    "name": "a Cuqueira, A CORUÑA"
  },
  {
    "name": "Santa María de Mera, A CORUÑA"
  },
  {
    "name": "Ponte Mera, A CORUÑA"
  },
  {
    "name": "San Clodio, A CORUÑA"
  },
  {
    "name": "Senra, A CORUÑA"
  },
  {
    "name": "Ortigueira, A CORUÑA"
  },
  {
    "name": "Espasante, A CORUÑA"
  },
  {
    "name": "Loiba, A CORUÑA"
  },
  {
    "name": "o Barqueiro, A CORUÑA"
  },
  {
    "name": "o Vicedo, LUGO"
  },
  {
    "name": "Mosende, LUGO"
  },
  {
    "name": "Folgueiro, LUGO"
  },
  {
    "name": "Covas de Viveiro, LUGO"
  },
  {
    "name": "Viveiro, LUGO"
  },
  {
    "name": "Viveiro Apeadero, LUGO"
  },
  {
    "name": "Xuances, LUGO"
  },
  {
    "name": "Xove Pobo, LUGO"
  },
  {
    "name": "Xove, LUGO"
  },
  {
    "name": "Lago, LUGO"
  },
  {
    "name": "Bidueiros, LUGO"
  },
  {
    "name": "San Cibrao, LUGO"
  },
  {
    "name": "Madeiro, LUGO"
  },
  {
    "name": "Burela, LUGO"
  },
  {
    "name": "Cangas de Foz, LUGO"
  },
  {
    "name": "Nois, LUGO"
  },
  {
    "name": "Fazouro, LUGO"
  },
  {
    "name": "Marzán, LUGO"
  },
  {
    "name": "Foz, LUGO"
  },
  {
    "name": "Barreiros, LUGO"
  },
  {
    "name": "Reinante, LUGO"
  },
  {
    "name": "Esteiro, LUGO"
  },
  {
    "name": "os Castros, LUGO"
  },
  {
    "name": "Rinlo, LUGO"
  },
  {
    "name": "Ribadeo, LUGO"
  },
  {
    "name": "Vegadeo, ASTURIAS"
  },
  {
    "name": "Vegadeo PUEBLO, ASTURIAS"
  },
  {
    "name": "Vilavedelle, ASTURIAS"
  },
  {
    "name": "Gijón RAM, ASTURIAS"
  },
  {
    "name": "Tremañes Carreño, ASTURIAS"
  },
  {
    "name": "Centro de Transportes, ASTURIAS"
  },
  {
    "name": "Aboño Apeadero, ASTURIAS"
  },
  {
    "name": "Xivares, ASTURIAS"
  },
  {
    "name": "Perlora, ASTURIAS"
  },
  {
    "name": "Candás-Apeadero, ASTURIAS"
  },
  {
    "name": "Candás, ASTURIAS"
  },
  {
    "name": "Regueral, ASTURIAS"
  },
  {
    "name": "Zanzabornín, ASTURIAS"
  },
  {
    "name": "Gudín Laminación, ASTURIAS"
  },
  {
    "name": "Trasona, ASTURIAS"
  },
  {
    "name": "Oficines, ASTURIAS"
  },
  {
    "name": "Llaranes, ASTURIAS"
  },
  {
    "name": "Cristalería, ASTURIAS"
  },
  {
    "name": "Avilés-Apeadero, ASTURIAS"
  },
  {
    "name": "Raíces, ASTURIAS"
  },
  {
    "name": "Salinas, ASTURIAS"
  },
  {
    "name": "Piedras Blancas, ASTURIAS"
  },
  {
    "name": "Vegarrozadas, ASTURIAS"
  },
  {
    "name": "Santiago del Monte, ASTURIAS"
  },
  {
    "name": "el Parador, ASTURIAS"
  },
  {
    "name": "Soto del Barco, ASTURIAS"
  },
  {
    "name": "Riberas, ASTURIAS"
  },
  {
    "name": "Peñaullán, ASTURIAS"
  },
  {
    "name": "Santianes, ASTURIAS"
  },
  {
    "name": "los Cabos, ASTURIAS"
  },
  {
    "name": "Muros del Nalón, ASTURIAS"
  },
  {
    "name": "el Pito Piñera, ASTURIAS"
  },
  {
    "name": "Cudillero, ASTURIAS"
  },
  {
    "name": "Villademar, ASTURIAS"
  },
  {
    "name": "la Magdalena, ASTURIAS"
  },
  {
    "name": "San Martín de Luiña, ASTURIAS"
  },
  {
    "name": "San Cosme, ASTURIAS"
  },
  {
    "name": "Soto de Luiña, ASTURIAS"
  },
  {
    "name": "Valdredo, ASTURIAS"
  },
  {
    "name": "Novellana, ASTURIAS"
  },
  {
    "name": "Santa Marina, ASTURIAS"
  },
  {
    "name": "Ballota, ASTURIAS"
  },
  {
    "name": "Tablizo, ASTURIAS"
  },
  {
    "name": "Cadavedo, ASTURIAS"
  },
  {
    "name": "San Cristóbal, ASTURIAS"
  },
  {
    "name": "Canero, ASTURIAS"
  },
  {
    "name": "Barcia, ASTURIAS"
  },
  {
    "name": "Luarca, ASTURIAS"
  },
  {
    "name": "Otur, ASTURIAS"
  },
  {
    "name": "Villapedre, ASTURIAS"
  },
  {
    "name": "Piñera-Villaoril, ASTURIAS"
  },
  {
    "name": "Navia, ASTURIAS"
  },
  {
    "name": "Medal, ASTURIAS"
  },
  {
    "name": "Loza, ASTURIAS"
  },
  {
    "name": "Cartavio, ASTURIAS"
  },
  {
    "name": "la Caridad, ASTURIAS"
  },
  {
    "name": "Tapia, ASTURIAS"
  },
  {
    "name": "Tol, ASTURIAS"
  },
  {
    "name": "las Campas de Castropol, ASTURIAS"
  },
  {
    "name": "Castropol, ASTURIAS"
  },
  {
    "name": "Vallobín, ASTURIAS"
  },
  {
    "name": "Argañosa-Lavapiés, ASTURIAS"
  },
  {
    "name": "las Campas, ASTURIAS"
  },
  {
    "name": "las Mazas, ASTURIAS"
  },
  {
    "name": "San Claudio, ASTURIAS"
  },
  {
    "name": "Fuso de la Reina, ASTURIAS"
  },
  {
    "name": "San Pedro de Nora, ASTURIAS"
  },
  {
    "name": "Soto Udrión, ASTURIAS"
  },
  {
    "name": "Caces, ASTURIAS"
  },
  {
    "name": "Trubia, ASTURIAS"
  },
  {
    "name": "Santa María de Grado, ASTURIAS"
  },
  {
    "name": "Vega de Anzo, ASTURIAS"
  },
  {
    "name": "Peñaflor de Grado, ASTURIAS"
  },
  {
    "name": "Grado, ASTURIAS"
  },
  {
    "name": "Sandiche, ASTURIAS"
  },
  {
    "name": "Aces, ASTURIAS"
  },
  {
    "name": "San Román, ASTURIAS"
  },
  {
    "name": "Beifar, ASTURIAS"
  },
  {
    "name": "Pravia, ASTURIAS"
  },
  {
    "name": "San Ranón, ASTURIAS"
  },
  {
    "name": "San Esteban, ASTURIAS"
  },
  {
    "name": "Palomar, ASTURIAS"
  },
  {
    "name": "Soto de Ribera, ASTURIAS"
  },
  {
    "name": "Parteayer, ASTURIAS"
  },
  {
    "name": "Baiña, ASTURIAS"
  },
  {
    "name": "Mieres Vasco, ASTURIAS"
  },
  {
    "name": "Caudalia, ASTURIAS"
  },
  {
    "name": "Figaredo, ASTURIAS"
  },
  {
    "name": "Ujo Taruelo, ASTURIAS"
  },
  {
    "name": "Santa Cruz, ASTURIAS"
  },
  {
    "name": "Caborana, ASTURIAS"
  },
  {
    "name": "Moreda de Aller, ASTURIAS"
  },
  {
    "name": "San Antonio, ASTURIAS"
  },
  {
    "name": "Oyanco, ASTURIAS"
  },
  {
    "name": "Corigos, ASTURIAS"
  },
  {
    "name": "Piñeres, ASTURIAS"
  },
  {
    "name": "Santa Ana-Soto, ASTURIAS"
  },
  {
    "name": "Cabañaquinta, ASTURIAS"
  },
  {
    "name": "Levinco, ASTURIAS"
  },
  {
    "name": "Collanzo, ASTURIAS"
  },
  {
    "name": "la Braña, ASTURIAS"
  },
  {
    "name": "Tremañes-Langreo, ASTURIAS"
  },
  {
    "name": "Sotiello, ASTURIAS"
  },
  {
    "name": "Pinzales, ASTURIAS"
  },
  {
    "name": "Aguda, ASTURIAS"
  },
  {
    "name": "Xixún, ASTURIAS"
  },
  {
    "name": "la Florida, ASTURIAS"
  },
  {
    "name": "Puente Buracos, ASTURIAS"
  },
  {
    "name": "Noreña, ASTURIAS"
  },
  {
    "name": "Bendición, ASTURIAS"
  },
  {
    "name": "Valdesoto, ASTURIAS"
  },
  {
    "name": "Carbayín, ASTURIAS"
  },
  {
    "name": "Curuxona, ASTURIAS"
  },
  {
    "name": "Tuilla, ASTURIAS"
  },
  {
    "name": "la Felguera N. Langreo-N. Llangréu, ASTURIAS"
  },
  {
    "name": "Sama los Llerones, ASTURIAS"
  },
  {
    "name": "Ciaño Escobio, ASTURIAS"
  },
  {
    "name": "San Vicente, ASTURIAS"
  },
  {
    "name": "el Entrego la Oscura, ASTURIAS"
  },
  {
    "name": "Carrocera, ASTURIAS"
  },
  {
    "name": "San Martín, ASTURIAS"
  },
  {
    "name": "Sotrondio, ASTURIAS"
  },
  {
    "name": "Blimea, ASTURIAS"
  },
  {
    "name": "Barredos, ASTURIAS"
  },
  {
    "name": "Laviana, ASTURIAS"
  },
  {
    "name": "Bilbao la Concordia, BIZKAIA"
  },
  {
    "name": "Basurto Hospital, BIZKAIA"
  },
  {
    "name": "Zorrotza Zorrozgoiti, BIZKAIA"
  },
  {
    "name": "Santa Águeda, BIZKAIA"
  },
  {
    "name": "Kastrexana, BIZKAIA"
  },
  {
    "name": "Irauregui, BIZKAIA"
  },
  {
    "name": "Zaramillo, BIZKAIA"
  },
  {
    "name": "la Quadra, BIZKAIA"
  },
  {
    "name": "Sodupe, BIZKAIA"
  },
  {
    "name": "Artxube, BIZKAIA"
  },
  {
    "name": "Lambarri, BIZKAIA"
  },
  {
    "name": "Güeñes, BIZKAIA"
  },
  {
    "name": "Aranguren, BIZKAIA"
  },
  {
    "name": "Aranguren-Apeadero, BIZKAIA"
  },
  {
    "name": "Zalla, BIZKAIA"
  },
  {
    "name": "Colegio, BIZKAIA"
  },
  {
    "name": "Ibarra, BIZKAIA"
  },
  {
    "name": "la Herrera, BIZKAIA"
  },
  {
    "name": "Balmaseda, BIZKAIA"
  },
  {
    "name": "Mimetiz, BIZKAIA"
  },
  {
    "name": "la Calzada, BIZKAIA"
  },
  {
    "name": "Traslaviña, BIZKAIA"
  },
  {
    "name": "Artzentales, BIZKAIA"
  },
  {
    "name": "Villaverde de Trucios, BIZKAIA"
  },
  {
    "name": "Karrantza, BIZKAIA"
  },
  {
    "name": "Parque Principado, ASTURIAS"
  },
  {
    "name": "Colloto, ASTURIAS"
  },
  {
    "name": "Meres, ASTURIAS"
  },
  {
    "name": "Fonciello, ASTURIAS"
  },
  {
    "name": "el Berrón, ASTURIAS"
  },
  {
    "name": "la Carrera de Siero, ASTURIAS"
  },
  {
    "name": "Pola de Siero, ASTURIAS"
  },
  {
    "name": "los Corros, ASTURIAS"
  },
  {
    "name": "Lieres, ASTURIAS"
  },
  {
    "name": "Rianes, ASTURIAS"
  },
  {
    "name": "el Remedio, ASTURIAS"
  },
  {
    "name": "Llames, ASTURIAS"
  },
  {
    "name": "Nava, ASTURIAS"
  },
  {
    "name": "Fuente Santa de Nava, ASTURIAS"
  },
  {
    "name": "Ceceda, ASTURIAS"
  },
  {
    "name": "Carancos, ASTURIAS"
  },
  {
    "name": "Pintueles, ASTURIAS"
  },
  {
    "name": "Infiesto, ASTURIAS"
  },
  {
    "name": "Infiesto Apeadero, ASTURIAS"
  },
  {
    "name": "Villamayor, ASTURIAS"
  },
  {
    "name": "Sebares, ASTURIAS"
  },
  {
    "name": "Soto de Dueñas, ASTURIAS"
  },
  {
    "name": "Ozanes, ASTURIAS"
  },
  {
    "name": "Policlínico, ASTURIAS"
  },
  {
    "name": "Arriondas, ASTURIAS"
  },
  {
    "name": "Fuentes, ASTURIAS"
  },
  {
    "name": "Toraño, ASTURIAS"
  },
  {
    "name": "Cuevas, ASTURIAS"
  },
  {
    "name": "Llovio, ASTURIAS"
  },
  {
    "name": "Ribadesella Puerto, ASTURIAS"
  },
  {
    "name": "Ribadesella, ASTURIAS"
  },
  {
    "name": "Camango, ASTURIAS"
  },
  {
    "name": "Belmonte de Pría, ASTURIAS"
  },
  {
    "name": "Nueva, ASTURIAS"
  },
  {
    "name": "Villahormes, ASTURIAS"
  },
  {
    "name": "Posada, ASTURIAS"
  },
  {
    "name": "Balmori, ASTURIAS"
  },
  {
    "name": "Celorio, ASTURIAS"
  },
  {
    "name": "Poo, ASTURIAS"
  },
  {
    "name": "Llanes, ASTURIAS"
  },
  {
    "name": "San Roque del Acebal, ASTURIAS"
  },
  {
    "name": "Vidiago, ASTURIAS"
  },
  {
    "name": "Pendueles, ASTURIAS"
  },
  {
    "name": "Colombres, ASTURIAS"
  },
  {
    "name": "Santander RAM, NAN"
  },
  {
    "name": "Valdecilla la Marga, CANTABRIA"
  },
  {
    "name": "Cazoña, CANTABRIA"
  },
  {
    "name": "Adarzo, CANTABRIA"
  },
  {
    "name": "Bezana, CANTABRIA"
  },
  {
    "name": "Mortera, CANTABRIA"
  },
  {
    "name": "Boo de Piélagos, CANTABRIA"
  },
  {
    "name": "Mogro, CANTABRIA"
  },
  {
    "name": "Gornazo, CANTABRIA"
  },
  {
    "name": "Mar, CANTABRIA"
  },
  {
    "name": "Requejada, CANTABRIA"
  },
  {
    "name": "Barreda, CANTABRIA"
  },
  {
    "name": "Altamira, CANTABRIA"
  },
  {
    "name": "Torrelavega-Centro, CANTABRIA"
  },
  {
    "name": "Ganzo, CANTABRIA"
  },
  {
    "name": "Puente San Miguel, CANTABRIA"
  },
  {
    "name": "Santa Isabel de Quijas, CANTABRIA"
  },
  {
    "name": "San Pedro de Rudagüera, CANTABRIA"
  },
  {
    "name": "Golbardo, CANTABRIA"
  },
  {
    "name": "Casar de Periedo, CANTABRIA"
  },
  {
    "name": "Virgen de la Peña, CANTABRIA"
  },
  {
    "name": "Ontoria, CANTABRIA"
  },
  {
    "name": "Cabezón de la Sal, CANTABRIA"
  },
  {
    "name": "Treceño, CANTABRIA"
  },
  {
    "name": "Roiz, CANTABRIA"
  },
  {
    "name": "el Barcenal, CANTABRIA"
  },
  {
    "name": "San Vicente de la Barquera, CANTABRIA"
  },
  {
    "name": "Pesués, CANTABRIA"
  },
  {
    "name": "Unquera, CANTABRIA"
  },
  {
    "name": "Nueva Montaña, CANTABRIA"
  },
  {
    "name": "Valle Real, CANTABRIA"
  },
  {
    "name": "Maliaño Vidriera, CANTABRIA"
  },
  {
    "name": "Astillero, CANTABRIA"
  },
  {
    "name": "la Cantábrica, CANTABRIA"
  },
  {
    "name": "San Salvador, CANTABRIA"
  },
  {
    "name": "Heras, CANTABRIA"
  },
  {
    "name": "Orejo, CANTABRIA"
  },
  {
    "name": "Solares, CANTABRIA"
  },
  {
    "name": "Ceceñas, CANTABRIA"
  },
  {
    "name": "la Cavada, CANTABRIA"
  },
  {
    "name": "Liérganes, CANTABRIA"
  },
  {
    "name": "Puente Agüero, CANTABRIA"
  },
  {
    "name": "Villaverde de Pontones, CANTABRIA"
  },
  {
    "name": "Hoz de Anero, CANTABRIA"
  },
  {
    "name": "Beranga, CANTABRIA"
  },
  {
    "name": "Gama, CANTABRIA"
  },
  {
    "name": "Cicero, CANTABRIA"
  },
  {
    "name": "Treto, CANTABRIA"
  },
  {
    "name": "Limpias, CANTABRIA"
  },
  {
    "name": "Marrón, CANTABRIA"
  },
  {
    "name": "Udalla, CANTABRIA"
  },
  {
    "name": "Gibaja, CANTABRIA"
  },
  {
    "name": "Arla Berrón, BURGOS"
  },
  {
    "name": "Ungo Nava, BURGOS"
  },
  {
    "name": "Mercadillo Villasana, BURGOS"
  },
  {
    "name": "Cadagua, BURGOS"
  },
  {
    "name": "Bercedo-Montija, BURGOS"
  },
  {
    "name": "Quintana de los Prados, BURGOS"
  },
  {
    "name": "Espinosa de los Monteros, BURGOS"
  },
  {
    "name": "Redondo, BURGOS"
  },
  {
    "name": "Sotoscueva, BURGOS"
  },
  {
    "name": "Pedrosa, BURGOS"
  },
  {
    "name": "Dosante Cidad, BURGOS"
  },
  {
    "name": "Robredo Ahedo, BURGOS"
  },
  {
    "name": "Soncillo, BURGOS"
  },
  {
    "name": "Cabañas de Virtus, BURGOS"
  },
  {
    "name": "Arija, BURGOS"
  },
  {
    "name": "Llano, CANTABRIA"
  },
  {
    "name": "las Rozas de Valdearroyo, CANTABRIA"
  },
  {
    "name": "Montes Claros, CANTABRIA"
  },
  {
    "name": "los Carabeos, CANTABRIA"
  },
  {
    "name": "Cillamayor, PALENCIA"
  },
  {
    "name": "Salinas de Pisuerga, PALENCIA"
  },
  {
    "name": "Vado-Cervera, PALENCIA"
  },
  {
    "name": "Castrejón de la Peña, PALENCIA"
  },
  {
    "name": "Villaverde Tarilonte, PALENCIA"
  },
  {
    "name": "Santibáñez de la Peña, PALENCIA"
  },
  {
    "name": "Guardo Apeadero, PALENCIA"
  },
  {
    "name": "Guardo, PALENCIA"
  },
  {
    "name": "la Llama de la Guzpeña, LEÓN"
  },
  {
    "name": "la Espina, LEÓN"
  },
  {
    "name": "Valcuende, LEÓN"
  },
  {
    "name": "Puente Almuhey, LEÓN"
  },
  {
    "name": "Prado de la Guzpeña, LEÓN"
  },
  {
    "name": "Valle de las Casas, LEÓN"
  },
  {
    "name": "Cistierna, LEÓN"
  },
  {
    "name": "Yugueros, LEÓN"
  },
  {
    "name": "la Ercina, LEÓN"
  },
  {
    "name": "Barrillos, LEÓN"
  },
  {
    "name": "la Losilla, LEÓN"
  },
  {
    "name": "Boñar, LEÓN"
  },
  {
    "name": "la Vecilla, LEÓN"
  },
  {
    "name": "Aviados, LEÓN"
  },
  {
    "name": "la Valcueva, LEÓN"
  },
  {
    "name": "Matallana, LEÓN"
  },
  {
    "name": "Pardavé, LEÓN"
  },
  {
    "name": "Pedrún, LEÓN"
  },
  {
    "name": "Manzaneda, LEÓN"
  },
  {
    "name": "Garrafe, LEÓN"
  },
  {
    "name": "Palazuelo, LEÓN"
  },
  {
    "name": "San Feliz, LEÓN"
  },
  {
    "name": "Villaquilambre, LEÓN"
  },
  {
    "name": "Feve-León"
  },
  {
    "name": "Hospitales, LEÓN"
  },
  {
    "name": "Villasinta, LEÓN"
  },
  {
    "name": "Matueca, LEÓN"
  },
  {
    "name": "Naredo, LEÓN"
  },
  {
    "name": "Robles, LEÓN"
  },
  {
    "name": "Campohermoso, LEÓN"
  },
  {
    "name": "Sorriba, LEÓN"
  },
  {
    "name": "la Mata de la Riba, LEÓN"
  },
  {
    "name": "la Raya, LEÓN"
  },
  {
    "name": "Otero, LEÓN"
  },
  {
    "name": "Villa Romana, LEÓN"
  },
  {
    "name": "Valdepiélago, LEÓN"
  },
  {
    "name": "la Devesa, LEÓN"
  },
  {
    "name": "Cerezal de la Guzpeña, LEÓN"
  },
  {
    "name": "Ventas/S.mamés, LEÓN"
  },
  {
    "name": "la Asunción Universidad, LEÓN"
  },
  {
    "name": "Barrio de las Ollas, LEÓN"
  },
  {
    "name": "Valderilla, LEÓN"
  },
  {
    "name": "Cartagena-Plaza Bastarreche, MURCIA"
  },
  {
    "name": "Hospital, MURCIA"
  },
  {
    "name": "Media Legua, MURCIA"
  },
  {
    "name": "Vista Alegre, MURCIA"
  },
  {
    "name": "Abrevadero, MURCIA"
  },
  {
    "name": "Alumbres, MURCIA"
  },
  {
    "name": "la Esperanza, MURCIA"
  },
  {
    "name": "la Unión Vieja, MURCIA"
  },
  {
    "name": "la Unión, MURCIA"
  },
  {
    "name": "Sierra Minera, MURCIA"
  },
  {
    "name": "Llano del Beal, MURCIA"
  },
  {
    "name": "el Estrecho, MURCIA"
  },
  {
    "name": "Nietos Viejos, MURCIA"
  },
  {
    "name": "los Nietos Pescadería, MURCIA"
  },
  {
    "name": "los Nietos, MURCIA"
  },
  {
    "name": "Librilla, MURCIA"
  },
  {
    "name": "Alhama de Murcia"
  },
  {
    "name": "Totana, MURCIA"
  },
  {
    "name": "la Hoya, MURCIA"
  },
  {
    "name": "Lorca-San Diego, MURCIA"
  },
  {
    "name": "Lorca-Sutullena, MURCIA"
  },
  {
    "name": "Alcantarilla-los Romanos, MURCIA"
  },
  {
    "name": "Águilas, MURCIA"
  },
  {
    "name": "Segovia-Guiomar"
  },
  {
    "name": "Vigo Urzaiz, PONTEVEDRA"
  },
  {
    "name": "Redondela AV, PONTEVEDRA"
  },
  {
    "name": "Medina del Campo AV, VALLADOLID"
  },
  {
    "name": "Sanabria AV, ZAMORA"
  },
  {
    "name": "a Gudiña-Porta de Galicia, OURENSE"
  },
  {
    "name": "Madrid-Príncipe Pío"
  },
  {
    "name": "Aravaca, MADRID"
  },
  {
    "name": "Pozuelo, MADRID"
  },
  {
    "name": "las Rozas, MADRID"
  },
  {
    "name": "Pinar de las Rozas, MADRID"
  },
  {
    "name": "las Matas, MADRID"
  },
  {
    "name": "Torrelodones, MADRID"
  },
  {
    "name": "Galapagar-la Navata, MADRID"
  },
  {
    "name": "Villalba de Guadarrama, MADRID"
  },
  {
    "name": "San Yago, MADRID"
  },
  {
    "name": "las Zorreras-Navalquejigo, MADRID"
  },
  {
    "name": "el Escorial, MADRID"
  },
  {
    "name": "Zarzalejo, MADRID"
  },
  {
    "name": "Robledo de Chavela, MADRID"
  },
  {
    "name": "Santa María de la Alameda-Peguerinos, MADRID"
  },
  {
    "name": "las Navas del Marqués, ÁVILA"
  },
  {
    "name": "Navalperal, ÁVILA"
  },
  {
    "name": "el Pimpollar, MADRID"
  },
  {
    "name": "Herradón-la Cañada, ÁVILA"
  },
  {
    "name": "Guimorcondo, ÁVILA"
  },
  {
    "name": "Ávila"
  },
  {
    "name": "Arévalo, ÁVILA"
  },
  {
    "name": "Medina del Campo, VALLADOLID"
  },
  {
    "name": "Pozaldez, VALLADOLID"
  },
  {
    "name": "Matapozuelos, VALLADOLID"
  },
  {
    "name": "Valdestillas, VALLADOLID"
  },
  {
    "name": "Viana, VALLADOLID"
  },
  {
    "name": "Valladolid-Campo Grande"
  },
  {
    "name": "Cabezón del Pisuerga, VALLADOLID"
  },
  {
    "name": "Corcos-Aguilarejo, VALLADOLID"
  },
  {
    "name": "Cubillas de Santa Marta, VALLADOLID"
  },
  {
    "name": "Dueñas, PALENCIA"
  },
  {
    "name": "Valladolid Universidad"
  },
  {
    "name": "Venta de Baños, PALENCIA"
  },
  {
    "name": "Magaz, PALENCIA"
  },
  {
    "name": "Quintana del Puente, PALENCIA"
  },
  {
    "name": "Villaquirán, BURGOS"
  },
  {
    "name": "Burgos-Rosa Manzano"
  },
  {
    "name": "Briviesca, BURGOS"
  },
  {
    "name": "Pancorbo, BURGOS"
  },
  {
    "name": "Miranda de Ebro, BURGOS"
  },
  {
    "name": "Manzanos, ARABA/ÁLAVA"
  },
  {
    "name": "la Puebla de Arganzón, BURGOS"
  },
  {
    "name": "Nanclares-Langraiz, ARABA/ÁLAVA"
  },
  {
    "name": "Vitoria-Gasteiz, ARABA/ÁLAVA"
  },
  {
    "name": "Estíbaliz-Oreitia, ARABA/ÁLAVA"
  },
  {
    "name": "Alegría-Dulantzi, ARABA/ÁLAVA"
  },
  {
    "name": "Agurain-Salvatierra de Álava, ARABA/ÁLAVA"
  },
  {
    "name": "Araia, ARABA/ÁLAVA"
  },
  {
    "name": "Altsasu, NAVARRA"
  },
  {
    "name": "Zegama-Otzaurte (Apt), GIPUZKOA"
  },
  {
    "name": "Brinkola, GIPUZKOA"
  },
  {
    "name": "Legazpi, GIPUZKOA"
  },
  {
    "name": "Zumarraga, GIPUZKOA"
  },
  {
    "name": "Ormáiztegui, GIPUZKOA"
  },
  {
    "name": "Beasain, GIPUZKOA"
  },
  {
    "name": "Ordizia, GIPUZKOA"
  },
  {
    "name": "Tolosa, GIPUZKOA"
  },
  {
    "name": "Tolosa-Centro, GIPUZKOA"
  },
  {
    "name": "Billabona-Zizurkil, GIPUZKOA"
  },
  {
    "name": "Andoain-Centro, GIPUZKOA"
  },
  {
    "name": "Andoain, GIPUZKOA"
  },
  {
    "name": "Hernani-Erdia, GIPUZKOA"
  },
  {
    "name": "San Sebastián-Donostia, GIPUZKOA"
  },
  {
    "name": "Gros, GIPUZKOA"
  },
  {
    "name": "Ategorrieta, GIPUZKOA"
  },
  {
    "name": "Herrera, GIPUZKOA"
  },
  {
    "name": "Pasaia, GIPUZKOA"
  },
  {
    "name": "Lezo-Rentería, GIPUZKOA"
  },
  {
    "name": "Intxaurrondo, GIPUZKOA"
  },
  {
    "name": "Irun, GIPUZKOA"
  },
  {
    "name": "Hendaya, CEUTA"
  },
  {
    "name": "los Negrales, MADRID"
  },
  {
    "name": "Alpedrete, MADRID"
  },
  {
    "name": "Collado Mediano, MADRID"
  },
  {
    "name": "los Molinos-Guadarrama, MADRID"
  },
  {
    "name": "Cercedilla, MADRID"
  },
  {
    "name": "Tablada, MADRID"
  },
  {
    "name": "Gudillos, SEGOVIA"
  },
  {
    "name": "San Rafael, SEGOVIA"
  },
  {
    "name": "el Espinar, SEGOVIA"
  },
  {
    "name": "los Ángeles de San Rafael, SEGOVIA"
  },
  {
    "name": "Otero-Herreros, SEGOVIA"
  },
  {
    "name": "Ortigosa del Monte, SEGOVIA"
  },
  {
    "name": "Navas de Riofrío-la Losa, SEGOVIA"
  },
  {
    "name": "Puerto de Navacerrada, MADRID"
  },
  {
    "name": "los Cotos, SEGOVIA"
  },
  {
    "name": "Segovia"
  },
  {
    "name": "Izarra, ARABA/ÁLAVA"
  },
  {
    "name": "Llodio, ARABA/ÁLAVA"
  },
  {
    "name": "la Peña de Bilbao, BIZKAIA"
  },
  {
    "name": "Miribilla, BIZKAIA"
  },
  {
    "name": "Bilbao-Intermod. Abando Indalecio Prieto, BIZKAIA"
  },
  {
    "name": "Ametzola, BIZKAIA"
  },
  {
    "name": "Palencia"
  },
  {
    "name": "Monzón de Campos, PALENCIA"
  },
  {
    "name": "Amusco, PALENCIA"
  },
  {
    "name": "Piña, PALENCIA"
  },
  {
    "name": "Frómista, PALENCIA"
  },
  {
    "name": "Marcilla de Campos, PALENCIA"
  },
  {
    "name": "Osorno, PALENCIA"
  },
  {
    "name": "Espinosa de Villagonzalo, PALENCIA"
  },
  {
    "name": "Herrera de Pisuerga, PALENCIA"
  },
  {
    "name": "Alar del Rey, PALENCIA"
  },
  {
    "name": "Mave, PALENCIA"
  },
  {
    "name": "Aguilar de Campoo, PALENCIA"
  },
  {
    "name": "Quintanilla de las Torres, PALENCIA"
  },
  {
    "name": "el Carrión (APD), PALENCIA"
  },
  {
    "name": "el Carrión, PALENCIA"
  },
  {
    "name": "Mataporquera, CANTABRIA"
  },
  {
    "name": "Reinosa, CANTABRIA"
  },
  {
    "name": "Lantueno-Santiurde, CANTABRIA"
  },
  {
    "name": "Pesquera, CANTABRIA"
  },
  {
    "name": "Bárcena, CANTABRIA"
  },
  {
    "name": "Molledo-Portolín, CANTABRIA"
  },
  {
    "name": "Santa Cruz de Iguña, CANTABRIA"
  },
  {
    "name": "las Fraguas, CANTABRIA"
  },
  {
    "name": "los Corrales de Buelna, CANTABRIA"
  },
  {
    "name": "las Caldas de Besaya, CANTABRIA"
  },
  {
    "name": "Viérnoles, CANTABRIA"
  },
  {
    "name": "Torrelavega, CANTABRIA"
  },
  {
    "name": "Sierrapando, CANTABRIA"
  },
  {
    "name": "Renedo, CANTABRIA"
  },
  {
    "name": "Parbayón, CANTABRIA"
  },
  {
    "name": "Guarnizo, CANTABRIA"
  },
  {
    "name": "Boo, CANTABRIA"
  },
  {
    "name": "Maliaño, CANTABRIA"
  },
  {
    "name": "Santander, CANTABRIA"
  },
  {
    "name": "Zurita, CANTABRIA"
  },
  {
    "name": "Valdecilla, CANTABRIA"
  },
  {
    "name": "Nueva Montaña, CANTABRIA"
  },
  {
    "name": "Lombera, CANTABRIA"
  },
  {
    "name": "Río Ebro, CANTABRIA"
  },
  {
    "name": "Pujayo, CANTABRIA"
  },
  {
    "name": "Arenas de Iguña, CANTABRIA"
  },
  {
    "name": "Vioño, CANTABRIA"
  },
  {
    "name": "Muriedas-Bahía, CANTABRIA"
  },
  {
    "name": "Grijota, PALENCIA"
  },
  {
    "name": "Becerril, PALENCIA"
  },
  {
    "name": "Paredes de Nava, PALENCIA"
  },
  {
    "name": "Cisneros, PALENCIA"
  },
  {
    "name": "Villada, PALENCIA"
  },
  {
    "name": "Grajal, LEÓN"
  },
  {
    "name": "Sahagún, LEÓN"
  },
  {
    "name": "el Burgo Ranero, LEÓN"
  },
  {
    "name": "Santas Martas, LEÓN"
  },
  {
    "name": "Palanquinos, LEÓN"
  },
  {
    "name": "Torneros (Apt), LEÓN"
  },
  {
    "name": "León"
  },
  {
    "name": "Cuadros, LEÓN"
  },
  {
    "name": "la Robla, LEÓN"
  },
  {
    "name": "la Pola de Gordón, LEÓN"
  },
  {
    "name": "Santa Lucía, LEÓN"
  },
  {
    "name": "Ciñera, LEÓN"
  },
  {
    "name": "Villamanín, LEÓN"
  },
  {
    "name": "Busdongo, LEÓN"
  },
  {
    "name": "Linares-Congostinas, ASTURIAS"
  },
  {
    "name": "Puente de los Fierros, ASTURIAS"
  },
  {
    "name": "la Frecha, ASTURIAS"
  },
  {
    "name": "Campomanes, ASTURIAS"
  },
  {
    "name": "la Cobertoria, ASTURIAS"
  },
  {
    "name": "Pola de Lena, ASTURIAS"
  },
  {
    "name": "Villallana, ASTURIAS"
  },
  {
    "name": "Ujo, ASTURIAS"
  },
  {
    "name": "Santullano, ASTURIAS"
  },
  {
    "name": "Mieres-Puente, ASTURIAS"
  },
  {
    "name": "Ablaña, ASTURIAS"
  },
  {
    "name": "la Pereda-Riosa, ASTURIAS"
  },
  {
    "name": "Olloniego, ASTURIAS"
  },
  {
    "name": "Soto de Rey, ASTURIAS"
  },
  {
    "name": "las Segadas, ASTURIAS"
  },
  {
    "name": "el Caleyo, ASTURIAS"
  },
  {
    "name": "Oviedo, ASTURIAS"
  },
  {
    "name": "Lugones, ASTURIAS"
  },
  {
    "name": "la Corredoria, ASTURIAS"
  },
  {
    "name": "Llamaquique, ASTURIAS"
  },
  {
    "name": "Lugo de Llanera, ASTURIAS"
  },
  {
    "name": "Villabona de Asturias"
  },
  {
    "name": "Serín, ASTURIAS"
  },
  {
    "name": "Monteana, ASTURIAS"
  },
  {
    "name": "Villabona-Tabladiello, ASTURIAS"
  },
  {
    "name": "Veriña, ASTURIAS"
  },
  {
    "name": "Calzada de Asturias"
  },
  {
    "name": "Gijón-Sanz Crespo, ASTURIAS"
  },
  {
    "name": "Ferroñes, ASTURIAS"
  },
  {
    "name": "Cancienes, ASTURIAS"
  },
  {
    "name": "Nubledo, ASTURIAS"
  },
  {
    "name": "Villalegre, ASTURIAS"
  },
  {
    "name": "la Rocica, ASTURIAS"
  },
  {
    "name": "Avilés, ASTURIAS"
  },
  {
    "name": "los Campos, ASTURIAS"
  },
  {
    "name": "Madrid-Chamartín-Clara Campoamor"
  },
  {
    "name": "Aranda de Duero-Montecillo, BURGOS"
  },
  {
    "name": "Madrid-Atocha Cercanías"
  },
  {
    "name": "Madrid-Recoletos"
  },
  {
    "name": "Madrid-Nuevos Ministerios"
  },
  {
    "name": "Méndez Álvaro P.V., MADRID"
  },
  {
    "name": "Delicias, MADRID"
  },
  {
    "name": "Pirámides, MADRID"
  },
  {
    "name": "Sol, MADRID"
  },
  {
    "name": "Quintana-Raneros, LEÓN"
  },
  {
    "name": "Villadangos, LEÓN"
  },
  {
    "name": "Veguellina, LEÓN"
  },
  {
    "name": "Barrientos, LEÓN"
  },
  {
    "name": "Nistal, LEÓN"
  },
  {
    "name": "Villavante, LEÓN"
  },
  {
    "name": "Astorga, LEÓN"
  },
  {
    "name": "Otero de Escarpizo, LEÓN"
  },
  {
    "name": "Vega-Magaz, LEÓN"
  },
  {
    "name": "Porqueros, LEÓN"
  },
  {
    "name": "Brañuelas, LEÓN"
  },
  {
    "name": "la Granja, LEÓN"
  },
  {
    "name": "Torre del Bierzo, LEÓN"
  },
  {
    "name": "Bembibre, LEÓN"
  },
  {
    "name": "Villaverde de los Cestos, LEÓN"
  },
  {
    "name": "San Miguel de las Dueñas, LEÓN"
  },
  {
    "name": "Ponferrada, LEÓN"
  },
  {
    "name": "Posada del Bierzo, LEÓN"
  },
  {
    "name": "Villadepalos, LEÓN"
  },
  {
    "name": "Toral de los Vados, LEÓN"
  },
  {
    "name": "la Barosa, LEÓN"
  },
  {
    "name": "Covas, OURENSE"
  },
  {
    "name": "Quereño, OURENSE"
  },
  {
    "name": "Pumares, OURENSE"
  },
  {
    "name": "Sobradelo, OURENSE"
  },
  {
    "name": "o Barco de Valdeorras, OURENSE"
  },
  {
    "name": "Vilamartín de Valdeorras, OURENSE"
  },
  {
    "name": "a Rúa-Petín, OURENSE"
  },
  {
    "name": "Montefurado, LUGO"
  },
  {
    "name": "San Clodio-Quiroga, LUGO"
  },
  {
    "name": "a Pobra do Brollón, LUGO"
  },
  {
    "name": "Monforte de Lemos, LUGO"
  },
  {
    "name": "Sarria, LUGO"
  },
  {
    "name": "Pedrelo-Céltigos, LUGO"
  },
  {
    "name": "Lugo"
  },
  {
    "name": "Rábade, LUGO"
  },
  {
    "name": "Begonte, LUGO"
  },
  {
    "name": "Baamonde, LUGO"
  },
  {
    "name": "Parga, LUGO"
  },
  {
    "name": "Guitiriz, LUGO"
  },
  {
    "name": "Teixeiro, A CORUÑA"
  },
  {
    "name": "Curtis, A CORUÑA"
  },
  {
    "name": "Piñoi, A CORUÑA"
  },
  {
    "name": "Cesuras, A CORUÑA"
  },
  {
    "name": "Oza dos Ríos, A CORUÑA"
  },
  {
    "name": "Betanzos-Infesta, A CORUÑA"
  },
  {
    "name": "Cecebre, A CORUÑA"
  },
  {
    "name": "Cambre, A CORUÑA"
  },
  {
    "name": "o Burgo-Santiago, A CORUÑA"
  },
  {
    "name": "Elviña-Universidade, A CORUÑA"
  },
  {
    "name": "Betanzos-Cidade, A CORUÑA"
  },
  {
    "name": "Miño, A CORUÑA"
  },
  {
    "name": "Perbes, A CORUÑA"
  },
  {
    "name": "Pontedeume, A CORUÑA"
  },
  {
    "name": "Cabanas, A CORUÑA"
  },
  {
    "name": "Franza, A CORUÑA"
  },
  {
    "name": "Barallobre, A CORUÑA"
  },
  {
    "name": "Perlío, A CORUÑA"
  },
  {
    "name": "Neda, A CORUÑA"
  },
  {
    "name": "Ferrol, A CORUÑA"
  },
  {
    "name": "Poligon Industrial del Segre, LLEIDA"
  },
  {
    "name": "Canaval, LUGO"
  },
  {
    "name": "Areas, LUGO"
  },
  {
    "name": "Santo Estevo do Sil, LUGO"
  },
  {
    "name": "San Pedro do Sil, LUGO"
  },
  {
    "name": "os Peares, OURENSE"
  },
  {
    "name": "Barra de Miño, OURENSE"
  },
  {
    "name": "Ourense"
  },
  {
    "name": "Barbantes, OURENSE"
  },
  {
    "name": "Ribadavia, OURENSE"
  },
  {
    "name": "Filgueira, PONTEVEDRA"
  },
  {
    "name": "Frieira, PONTEVEDRA"
  },
  {
    "name": "Pousa-Crecente, PONTEVEDRA"
  },
  {
    "name": "Arbo, PONTEVEDRA"
  },
  {
    "name": "Sela, PONTEVEDRA"
  },
  {
    "name": "As Neves, PONTEVEDRA"
  },
  {
    "name": "Salvaterra, PONTEVEDRA"
  },
  {
    "name": "Caldelas, PONTEVEDRA"
  },
  {
    "name": "Guillarei, PONTEVEDRA"
  },
  {
    "name": "o Porriño, PONTEVEDRA"
  },
  {
    "name": "Louredo-Valos, PONTEVEDRA"
  },
  {
    "name": "Redondela, PONTEVEDRA"
  },
  {
    "name": "Chapela, PONTEVEDRA"
  },
  {
    "name": "Vigo-Guixar, PONTEVEDRA"
  },
  {
    "name": "Tui, PONTEVEDRA"
  },
  {
    "name": "Valença do Minho, PONTEVEDRA"
  },
  {
    "name": "Redondela-Picota, PONTEVEDRA"
  },
  {
    "name": "Cesantes, PONTEVEDRA"
  },
  {
    "name": "Arcade, PONTEVEDRA"
  },
  {
    "name": "Pontevedra"
  },
  {
    "name": "Portela, PONTEVEDRA"
  },
  {
    "name": "Vilagarcía de Arousa, PONTEVEDRA"
  },
  {
    "name": "Catoira, PONTEVEDRA"
  },
  {
    "name": "Pontecesures, PONTEVEDRA"
  },
  {
    "name": "Padrón, A CORUÑA"
  },
  {
    "name": "a Escravitude/la Esclavitud, A CORUÑA"
  },
  {
    "name": "Osebe, A CORUÑA"
  },
  {
    "name": "Pontevedra Universidad"
  },
  {
    "name": "Padrón Barbanza, A CORUÑA"
  },
  {
    "name": "Monfragüe, CÁCERES"
  },
  {
    "name": "Plasencia, CÁCERES"
  },
  {
    "name": "Salamanca"
  },
  {
    "name": "Salamanca-la Alamedilla"
  },
  {
    "name": "Zamora"
  },
  {
    "name": "Nava del Rey, VALLADOLID"
  },
  {
    "name": "Toro, ZAMORA"
  },
  {
    "name": "Carbajales de Alba, ZAMORA"
  },
  {
    "name": "Ferreruela de Tábara, ZAMORA"
  },
  {
    "name": "Abejera, ZAMORA"
  },
  {
    "name": "Sarracín de Aliste, ZAMORA"
  },
  {
    "name": "Cabañas de Aliste, ZAMORA"
  },
  {
    "name": "Linarejos-Pedroso, ZAMORA"
  },
  {
    "name": "Puebla de Sanabria, ZAMORA"
  },
  {
    "name": "Pedralba, ZAMORA"
  },
  {
    "name": "Lubián, ZAMORA"
  },
  {
    "name": "a Mezquita-Vilavella, OURENSE"
  },
  {
    "name": "a Gudiña, OURENSE"
  },
  {
    "name": "Vilariño de Conso.-a Capela, OURENSE"
  },
  {
    "name": "Castrelo do Val-Verín-Campobecerros, OURENSE"
  },
  {
    "name": "Laza-Cerdedelo, OURENSE"
  },
  {
    "name": "a Alberguería-Prado, OURENSE"
  },
  {
    "name": "Vilar de Barrio/Villar de Barrio, OURENSE"
  },
  {
    "name": "Baños de Molgas, OURENSE"
  },
  {
    "name": "Ponteambia, OURENSE"
  },
  {
    "name": "Paderne-Cantoña, OURENSE"
  },
  {
    "name": "Taboadela, OURENSE"
  },
  {
    "name": "Ourense-San Francisco"
  },
  {
    "name": "a Friela-Maside, OURENSE"
  },
  {
    "name": "o Carballiño, OURENSE"
  },
  {
    "name": "o Irixo, OURENSE"
  },
  {
    "name": "Lalín, PONTEVEDRA"
  },
  {
    "name": "Ponte Taboada, PONTEVEDRA"
  },
  {
    "name": "a Bandeira, PONTEVEDRA"
  },
  {
    "name": "Vedra-Ribadulla, A CORUÑA"
  },
  {
    "name": "Santiago de Compostela-Daniel Castelao, A CORUÑA"
  },
  {
    "name": "Uxes, A CORUÑA"
  },
  {
    "name": "a Coruña"
  },
  {
    "name": "Ordes, A CORUÑA"
  },
  {
    "name": "Cerceda-Meirama, A CORUÑA"
  },
  {
    "name": "Campillo, VALLADOLID"
  },
  {
    "name": "el Carpio, VALLADOLID"
  },
  {
    "name": "Fresno el Viejo, VALLADOLID"
  },
  {
    "name": "Cantalapiedra, SALAMANCA"
  },
  {
    "name": "el Pedroso de la Armuña, SALAMANCA"
  },
  {
    "name": "Pitiegua, SALAMANCA"
  },
  {
    "name": "Gomecello, SALAMANCA"
  },
  {
    "name": "Moriscos, SALAMANCA"
  },
  {
    "name": "Fuente de San Esteban-Boadilla, SALAMANCA"
  },
  {
    "name": "Ciudad Rodrigo, SALAMANCA"
  },
  {
    "name": "Fuentes de Oñoro, SALAMANCA"
  },
  {
    "name": "Cardeñosa de Ávila"
  },
  {
    "name": "San Pedro del Arroyo, ÁVILA"
  },
  {
    "name": "Crespos, ÁVILA"
  },
  {
    "name": "Narros del Castillo, ÁVILA"
  },
  {
    "name": "Peñaranda de Bracamonte, SALAMANCA"
  },
  {
    "name": "Villar de Gallimazo, SALAMANCA"
  },
  {
    "name": "Babilafuente, SALAMANCA"
  },
  {
    "name": "San Morales, SALAMANCA"
  },
  {
    "name": "Aldealengua, SALAMANCA"
  },
  {
    "name": "Leganés, MADRID"
  },
  {
    "name": "Fuenlabrada, MADRID"
  },
  {
    "name": "Humanes de Madrid"
  },
  {
    "name": "Illescas, TOLEDO"
  },
  {
    "name": "Humanes, MADRID"
  },
  {
    "name": "Torrijos, TOLEDO"
  },
  {
    "name": "Erustes, TOLEDO"
  },
  {
    "name": "Montearagón, TOLEDO"
  },
  {
    "name": "Talavera de la Reina, TOLEDO"
  },
  {
    "name": "Oropesa de Toledo"
  },
  {
    "name": "Navalmoral de la Mata, CÁCERES"
  },
  {
    "name": "Casatejada, CÁCERES"
  },
  {
    "name": "Mirabel, CÁCERES"
  },
  {
    "name": "Casas de Millán, CÁCERES"
  },
  {
    "name": "Cañaveral, CÁCERES"
  },
  {
    "name": "Cáceres"
  },
  {
    "name": "Arroyo de Malpartida, CÁCERES"
  },
  {
    "name": "San Vicente de Alcántara, BADAJOZ"
  },
  {
    "name": "Valencia de Alcántara, CÁCERES"
  },
  {
    "name": "Aldea del Cano, CÁCERES"
  },
  {
    "name": "Madrid-Villaverde Alto"
  },
  {
    "name": "Ciudad Real"
  },
  {
    "name": "Puertollano, CIUDAD REAL"
  },
  {
    "name": "Brazatortas-Veredas, CIUDAD REAL"
  },
  {
    "name": "Almadenejos-Almadén, CIUDAD REAL"
  },
  {
    "name": "Guadalmez-los Pedroches, CIUDAD REAL"
  },
  {
    "name": "Cabeza del Buey, BADAJOZ"
  },
  {
    "name": "Almorchón, BADAJOZ"
  },
  {
    "name": "Castuera, BADAJOZ"
  },
  {
    "name": "Campanario, BADAJOZ"
  },
  {
    "name": "Villanueva de la Serena, BADAJOZ"
  },
  {
    "name": "Don Benito, BADAJOZ"
  },
  {
    "name": "Valdetorres, BADAJOZ"
  },
  {
    "name": "Guareña, BADAJOZ"
  },
  {
    "name": "Mérida, BADAJOZ"
  },
  {
    "name": "Aljucén, BADAJOZ"
  },
  {
    "name": "la Garrovilla, BADAJOZ"
  },
  {
    "name": "Montijo, BADAJOZ"
  },
  {
    "name": "Guadiana, BADAJOZ"
  },
  {
    "name": "Badajoz"
  },
  {
    "name": "Montijo-el Molino, BADAJOZ"
  },
  {
    "name": "Garrovilla-las Vegas, BADAJOZ"
  },
  {
    "name": "Villanueva de Córdoba"
  },
  {
    "name": "Calamonte, BADAJOZ"
  },
  {
    "name": "Almendralejo, BADAJOZ"
  },
  {
    "name": "Villafranca de los Barros, BADAJOZ"
  },
  {
    "name": "los Santos de Maimona, BADAJOZ"
  },
  {
    "name": "Zafra Feria, BADAJOZ"
  },
  {
    "name": "Zafra, BADAJOZ"
  },
  {
    "name": "Llerena, BADAJOZ"
  },
  {
    "name": "Fuente del Arco, BADAJOZ"
  },
  {
    "name": "Guadalcanal, SEVILLA"
  },
  {
    "name": "Cazalla-Constantina, SEVILLA"
  },
  {
    "name": "Pedroso, SEVILLA"
  },
  {
    "name": "Villanueva del Río-Minas, SEVILLA"
  },
  {
    "name": "Alcolea del Río, SEVILLA"
  },
  {
    "name": "Tocina, SEVILLA"
  },
  {
    "name": "Medina de las Torres, BADAJOZ"
  },
  {
    "name": "Valencia del Ventoso, BADAJOZ"
  },
  {
    "name": "Fregenal de la Sierra, BADAJOZ"
  },
  {
    "name": "Cumbres Mayores, HUELVA"
  },
  {
    "name": "Jabugo-Galaroza, HUELVA"
  },
  {
    "name": "Almonaster-Cortegana, HUELVA"
  },
  {
    "name": "Gil Márquez, HUELVA"
  },
  {
    "name": "Valdelamusa, HUELVA"
  },
  {
    "name": "el Tamujoso, HUELVA"
  },
  {
    "name": "Calañas, HUELVA"
  },
  {
    "name": "los Milanos, HUELVA"
  },
  {
    "name": "el Cobujón, HUELVA"
  },
  {
    "name": "Belmonte, HUELVA"
  },
  {
    "name": "Gibraleón, HUELVA"
  },
  {
    "name": "Benacazón, SEVILLA"
  },
  {
    "name": "Carrión de los Céspedes, SEVILLA"
  },
  {
    "name": "Escacena, HUELVA"
  },
  {
    "name": "la Palma del Condado, HUELVA"
  },
  {
    "name": "Villarrasa, HUELVA"
  },
  {
    "name": "Niebla-Puerta del Buey, HUELVA"
  },
  {
    "name": "Huelva"
  },
  {
    "name": "San Juan del Puerto, HUELVA"
  },
  {
    "name": "Salteras, SEVILLA"
  },
  {
    "name": "Cinco Casas, CIUDAD REAL"
  },
  {
    "name": "Manzanares, CIUDAD REAL"
  },
  {
    "name": "Valdepeñas, CIUDAD REAL"
  },
  {
    "name": "Santa Cruz de Mudela, CIUDAD REAL"
  },
  {
    "name": "Almuradiel-Viso del Marqués, CIUDAD REAL"
  },
  {
    "name": "Vilches, JAÉN"
  },
  {
    "name": "Linares-Baeza, JAÉN"
  },
  {
    "name": "Espelúy, JAÉN"
  },
  {
    "name": "Andújar, JAÉN"
  },
  {
    "name": "Villa del Río, CÓRDOBA"
  },
  {
    "name": "Alcolea de Córdoba"
  },
  {
    "name": "Campus Universitario de Rabanales, CÓRDOBA"
  },
  {
    "name": "Córdoba-Julio Anguita"
  },
  {
    "name": "el Higuerón, CÓRDOBA"
  },
  {
    "name": "Villarrubia de Córdoba"
  },
  {
    "name": "Posadas, CÓRDOBA"
  },
  {
    "name": "Palma del Río, CÓRDOBA"
  },
  {
    "name": "Peñaflor, SEVILLA"
  },
  {
    "name": "Lora del Río, SEVILLA"
  },
  {
    "name": "los Rosales, SEVILLA"
  },
  {
    "name": "Cantillana, SEVILLA"
  },
  {
    "name": "Brenes, SEVILLA"
  },
  {
    "name": "la Rinconada, SEVILLA"
  },
  {
    "name": "Sevilla-Santa Justa"
  },
  {
    "name": "Cartuja, SEVILLA"
  },
  {
    "name": "San Bernardo, SEVILLA"
  },
  {
    "name": "dos Hermanas, SEVILLA"
  },
  {
    "name": "Virgen del Rocío, SEVILLA"
  },
  {
    "name": "Bellavista, SEVILLA"
  },
  {
    "name": "Jardines de Hércules, SEVILLA"
  },
  {
    "name": "Utrera, SEVILLA"
  },
  {
    "name": "las Cabezas de San Juan, SEVILLA"
  },
  {
    "name": "Lebrija, SEVILLA"
  },
  {
    "name": "Aeropuerto de Jerez, CÁDIZ"
  },
  {
    "name": "Jerez de la Frontera, CÁDIZ"
  },
  {
    "name": "Puerto de Santa María, CÁDIZ"
  },
  {
    "name": "Puerto Real, CÁDIZ"
  },
  {
    "name": "San Fernando-Centro, CÁDIZ"
  },
  {
    "name": "Segunda Aguada, CÁDIZ"
  },
  {
    "name": "Cádiz"
  },
  {
    "name": "San Fernando-Bahía Sur, CÁDIZ"
  },
  {
    "name": "Cádiz-Estadio"
  },
  {
    "name": "San Severiano, CÁDIZ"
  },
  {
    "name": "las Aletas, CÁDIZ"
  },
  {
    "name": "Valdelagrana, CÁDIZ"
  },
  {
    "name": "Río Arillo, CÁDIZ"
  },
  {
    "name": "Pelagatos, CÁDIZ"
  },
  {
    "name": "la Hoya, CÁDIZ"
  },
  {
    "name": "Reyes Católicos, CÁDIZ"
  },
  {
    "name": "Nuestra Señora de los Remedios, CÁDIZ"
  },
  {
    "name": "Alameda Solano, CÁDIZ"
  },
  {
    "name": "Marquesado, CÁDIZ"
  },
  {
    "name": "Pinar de los Franceses, CÁDIZ"
  },
  {
    "name": "Tres Caminos, CÁDIZ"
  },
  {
    "name": "Venta de Vargas, CÁDIZ"
  },
  {
    "name": "Plaza de la Iglesia, CÁDIZ"
  },
  {
    "name": "Plaza del Rey, CÁDIZ"
  },
  {
    "name": "Compañía de María, CÁDIZ"
  },
  {
    "name": "Plaza del Carmen, CÁDIZ"
  },
  {
    "name": "Santo Entierro, CÁDIZ"
  },
  {
    "name": "la Ardila, CÁDIZ"
  },
  {
    "name": "Montilla, CÓRDOBA"
  },
  {
    "name": "Aguilar de la Frontera, CÓRDOBA"
  },
  {
    "name": "Puente Genil, CÓRDOBA"
  },
  {
    "name": "Casariche, SEVILLA"
  },
  {
    "name": "la Roda de Andalucía, SEVILLA"
  },
  {
    "name": "Fuente de Piedra, MÁLAGA"
  },
  {
    "name": "Bobadilla, MÁLAGA"
  },
  {
    "name": "el Chorro-Caminito del Rey, MÁLAGA"
  },
  {
    "name": "las Mellizas, MÁLAGA"
  },
  {
    "name": "Álora, MÁLAGA"
  },
  {
    "name": "Pizarra, MÁLAGA"
  },
  {
    "name": "Aljaima, MÁLAGA"
  },
  {
    "name": "Cártama, MÁLAGA"
  },
  {
    "name": "Campanillas, MÁLAGA"
  },
  {
    "name": "Málaga-los Prados"
  },
  {
    "name": "Málaga María Zambrano"
  },
  {
    "name": "Málaga M.Z. Cercanías"
  },
  {
    "name": "Victoria Kent, MÁLAGA"
  },
  {
    "name": "Málaga-Aeropuerto"
  },
  {
    "name": "Torremolinos, MÁLAGA"
  },
  {
    "name": "Benalmádena-Arroyo de la Miel, MÁLAGA"
  },
  {
    "name": "Fuengirola, MÁLAGA"
  },
  {
    "name": "Málaga-Centro Alameda"
  },
  {
    "name": "Campillos, MÁLAGA"
  },
  {
    "name": "Teba, MÁLAGA"
  },
  {
    "name": "Almargen-Cañete la Real, MÁLAGA"
  },
  {
    "name": "Setenil, CÁDIZ"
  },
  {
    "name": "Ronda, MÁLAGA"
  },
  {
    "name": "Arriate, MÁLAGA"
  },
  {
    "name": "Benaoján-Montejaque, MÁLAGA"
  },
  {
    "name": "Jimera de Líbar, MÁLAGA"
  },
  {
    "name": "Cortes de la Frontera, MÁLAGA"
  },
  {
    "name": "Gaucín, MÁLAGA"
  },
  {
    "name": "San Pablo, CÁDIZ"
  },
  {
    "name": "Jimena de la Frontera, CÁDIZ"
  },
  {
    "name": "Almoraima, CÁDIZ"
  },
  {
    "name": "San Roque-la Línea, CÁDIZ"
  },
  {
    "name": "los Barrios, CÁDIZ"
  },
  {
    "name": "Algeciras, CÁDIZ"
  },
  {
    "name": "Jódar-Úbeda, JAÉN"
  },
  {
    "name": "los Propios-Cazorla, JAÉN"
  },
  {
    "name": "Larva, JAÉN"
  },
  {
    "name": "Huesa, JAÉN"
  },
  {
    "name": "Cabra del Santo Cristo y Alicún, JAÉN"
  },
  {
    "name": "Alamedilla-Guadahortuna, GRANADA"
  },
  {
    "name": "Moreda, GRANADA"
  },
  {
    "name": "Benalúa de Guadix, GRANADA"
  },
  {
    "name": "Guadix, GRANADA"
  },
  {
    "name": "Fiñana, ALMERÍA"
  },
  {
    "name": "Gérgal, ALMERÍA"
  },
  {
    "name": "Gádor, ALMERÍA"
  },
  {
    "name": "Huercal-Viator, ALMERÍA"
  },
  {
    "name": "Almería"
  },
  {
    "name": "Iznalloz, GRANADA"
  },
  {
    "name": "Madrid-Puerta de Atocha-Almudena Grandes"
  },
  {
    "name": "Madrid-Villaverde Bajo"
  },
  {
    "name": "San Cristóbal Industrial, MADRID"
  },
  {
    "name": "Pinto, MADRID"
  },
  {
    "name": "Aranjuez, MADRID"
  },
  {
    "name": "Castillejo-Añover, MADRID"
  },
  {
    "name": "Villasequilla, TOLEDO"
  },
  {
    "name": "Tembleque, TOLEDO"
  },
  {
    "name": "el Romeral, TOLEDO"
  },
  {
    "name": "Villacañas, TOLEDO"
  },
  {
    "name": "Quero, TOLEDO"
  },
  {
    "name": "Alcázar de San Juan, CIUDAD REAL"
  },
  {
    "name": "Campo de Criptana, CIUDAD REAL"
  },
  {
    "name": "Socuéllamos, CIUDAD REAL"
  },
  {
    "name": "Villarrobledo, ALBACETE"
  },
  {
    "name": "Minaya, ALBACETE"
  },
  {
    "name": "la Roda de Albacete"
  },
  {
    "name": "la Gineta, ALBACETE"
  },
  {
    "name": "Albacete-los Llanos"
  },
  {
    "name": "Almansa, ALBACETE"
  },
  {
    "name": "la Encina, ALICANTE/ALACANT"
  },
  {
    "name": "Caudete, ALBACETE"
  },
  {
    "name": "Villena, ALICANTE/ALACANT"
  },
  {
    "name": "Sax, ALICANTE/ALACANT"
  },
  {
    "name": "Elda-Petrer, ALICANTE/ALACANT"
  },
  {
    "name": "Novelda-Aspe, ALICANTE/ALACANT"
  },
  {
    "name": "Alicante/Alacant-Terminal"
  },
  {
    "name": "Sant Vicent Centre, ALICANTE/ALACANT"
  },
  {
    "name": "Universidad de Alicante, ALICANTE/ALACANT"
  },
  {
    "name": "Hellín, ALBACETE"
  },
  {
    "name": "Calasparra, MURCIA"
  },
  {
    "name": "Cieza, MURCIA"
  },
  {
    "name": "Archena-Fortuna, MURCIA"
  },
  {
    "name": "Alcantarilla, MURCIA"
  },
  {
    "name": "Murcia del Carmen"
  },
  {
    "name": "Balsicas-Mar Menor, MURCIA"
  },
  {
    "name": "Torre-Pacheco, MURCIA"
  },
  {
    "name": "Cartagena, MURCIA"
  },
  {
    "name": "Beniel, MURCIA"
  },
  {
    "name": "Orihuela-Miguel Hernández, ALICANTE/ALACANT"
  },
  {
    "name": "Callosa de Segura, ALICANTE/ALACANT"
  },
  {
    "name": "San Isidro-Albatera-Catral, ALICANTE/ALACANT"
  },
  {
    "name": "Crevillente, ALICANTE/ALACANT"
  },
  {
    "name": "Elche/Elx-Carrús, ALICANTE/ALACANT"
  },
  {
    "name": "Elche/Elx-Parc, ALICANTE/ALACANT"
  },
  {
    "name": "Torrellano, ALICANTE/ALACANT"
  },
  {
    "name": "Sant Gabriel, ALICANTE/ALACANT"
  },
  {
    "name": "Moixent, VALENCIA/VALÈNCIA"
  },
  {
    "name": "Lenova-Manuel, VALENCIA/VALÈNCIA"
  },
  {
    "name": "Xàtiva, VALENCIA/VALÈNCIA"
  },
  {
    "name": "Manuel-l'Enova, VALENCIA/VALÈNCIA"
  },
  {
    "name": "la Pobla Llarga, VALENCIA/VALÈNCIA"
  },
  {
    "name": "Carcaixent, VALENCIA/VALÈNCIA"
  },
  {
    "name": "Alzira, VALENCIA/VALÈNCIA"
  },
  {
    "name": "Algemesí, VALENCIA/VALÈNCIA"
  },
  {
    "name": "Benifaió, VALENCIA/VALÈNCIA"
  },
  {
    "name": "Silla, VALENCIA/VALÈNCIA"
  },
  {
    "name": "Catarroja, VALENCIA/VALÈNCIA"
  },
  {
    "name": "Massanassa, VALENCIA/VALÈNCIA"
  },
  {
    "name": "Alfafar-Benetússer, VALENCIA/VALÈNCIA"
  },
  {
    "name": "Albal, VALENCIA/VALÈNCIA"
  },
  {
    "name": "València-Estació del NORD, VALENCIA/VALÈNCIA"
  },
  {
    "name": "Roca-Cúper, VALENCIA/VALÈNCIA"
  },
  {
    "name": "València-la Font de Sant Lluís, VALENCIA/VALÈNCIA"
  },
  {
    "name": "València-Cabanyal, VALENCIA/VALÈNCIA"
  },
  {
    "name": "Albuixech, VALENCIA/VALÈNCIA"
  },
  {
    "name": "Massalfassar, VALENCIA/VALÈNCIA"
  },
  {
    "name": "el Puig, VALENCIA/VALÈNCIA"
  },
  {
    "name": "Puçol, VALENCIA/VALÈNCIA"
  },
  {
    "name": "Sagunt, VALENCIA/VALÈNCIA"
  },
  {
    "name": "Les Valls, VALENCIA/VALÈNCIA"
  },
  {
    "name": "Almenara, CASTELLÓN/CASTELLÓ"
  },
  {
    "name": "la Llosa, CASTELLÓN/CASTELLÓ"
  },
  {
    "name": "Chilches/Xilxes, CASTELLÓN/CASTELLÓ"
  },
  {
    "name": "Moncofa, CASTELLÓN/CASTELLÓ"
  },
  {
    "name": "Nules la Villavella, CASTELLÓN/CASTELLÓ"
  },
  {
    "name": "Burriana-Alquerías Niño Perdido, CASTELLÓN/CASTELLÓ"
  },
  {
    "name": "Vila-Real, CASTELLÓN/CASTELLÓ"
  },
  {
    "name": "Almassora, CASTELLÓN/CASTELLÓ"
  },
  {
    "name": "Castelló de la Plana, CASTELLÓN/CASTELLÓ"
  },
  {
    "name": "Les Palmes, CASTELLÓN/CASTELLÓ"
  },
  {
    "name": "Orpesa, CASTELLÓN/CASTELLÓ"
  },
  {
    "name": "Torreblanca, CASTELLÓN/CASTELLÓ"
  },
  {
    "name": "Alcalá de Chivert, CASTELLÓN/CASTELLÓ"
  },
  {
    "name": "Benicarló-Peñíscola, CASTELLÓN/CASTELLÓ"
  },
  {
    "name": "Vinaròs, CASTELLÓN/CASTELLÓ"
  },
  {
    "name": "Ulldecona-Alcanar-la Sénia, TARRAGONA"
  },
  {
    "name": "Benicàssim, CASTELLÓN/CASTELLÓ"
  },
  {
    "name": "Tortosa, TARRAGONA"
  },
  {
    "name": "Camp-Redó, TARRAGONA"
  },
  {
    "name": "l'Aldea-amposta-tortosa, TARRAGONA"
  },
  {
    "name": "Camarles-Deltebre, TARRAGONA"
  },
  {
    "name": "l'Ampolla-el Perelló-Deltebre, TARRAGONA"
  },
  {
    "name": "l'Ametlla de Mar, TARRAGONA"
  },
  {
    "name": "Mont-Roig del Camp, TARRAGONA"
  },
  {
    "name": "Salou, TARRAGONA"
  },
  {
    "name": "Salou-Port Aventura, TARRAGONA"
  },
  {
    "name": "l'Hospitalet de l'Infant, TARRAGONA"
  },
  {
    "name": "Cambrils, TARRAGONA"
  },
  {
    "name": "Valencia Enlace, VALENCIA/VALÈNCIA"
  },
  {
    "name": "Ontígola, TOLEDO"
  },
  {
    "name": "Ocaña, TOLEDO"
  },
  {
    "name": "Noblejas, TOLEDO"
  },
  {
    "name": "Villarrubia de Santiago, TOLEDO"
  },
  {
    "name": "Santa Cruz de la Zarza, TOLEDO"
  },
  {
    "name": "Tarancón, CUENCA"
  },
  {
    "name": "Huelves, CUENCA"
  },
  {
    "name": "Paredes de Melo, CUENCA"
  },
  {
    "name": "Vellisca, CUENCA"
  },
  {
    "name": "Huete, CUENCA"
  },
  {
    "name": "Caracenilla, CUENCA"
  },
  {
    "name": "Castillejo del Romeral, CUENCA"
  },
  {
    "name": "Cuevas de Velasco, CUENCA"
  },
  {
    "name": "Villar del Saz de Navalón, CUENCA"
  },
  {
    "name": "Chillarón, CUENCA"
  },
  {
    "name": "Cuenca"
  },
  {
    "name": "Cañada del Hoyo, CUENCA"
  },
  {
    "name": "Carboneras de Guadazaón, CUENCA"
  },
  {
    "name": "Arguisuelas, CUENCA"
  },
  {
    "name": "Yémeda-Cardenete, CUENCA"
  },
  {
    "name": "Víllora, CUENCA"
  },
  {
    "name": "Camporrobles, VALENCIA/VALÈNCIA"
  },
  {
    "name": "las Cuevas, VALENCIA/VALÈNCIA"
  },
  {
    "name": "Utiel, VALENCIA/VALÈNCIA"
  },
  {
    "name": "San Antonio de Requena, VALENCIA/VALÈNCIA"
  },
  {
    "name": "Requena, VALENCIA/VALÈNCIA"
  },
  {
    "name": "el Rebollar, VALENCIA/VALÈNCIA"
  },
  {
    "name": "Siete Aguas, VALENCIA/VALÈNCIA"
  },
  {
    "name": "Venta Mina-Siete Aguas, VALENCIA/VALÈNCIA"
  },
  {
    "name": "Buñol, VALENCIA/VALÈNCIA"
  },
  {
    "name": "Chiva, VALENCIA/VALÈNCIA"
  },
  {
    "name": "Cheste, VALENCIA/VALÈNCIA"
  },
  {
    "name": "Loriguilla-Reva, VALENCIA/VALÈNCIA"
  },
  {
    "name": "Circuit Ricardo Tormo, VALENCIA/VALÈNCIA"
  },
  {
    "name": "Aldaia, VALENCIA/VALÈNCIA"
  },
  {
    "name": "València-Sant Isidre, VALENCIA/VALÈNCIA"
  },
  {
    "name": "Xirivella-Alqueries, VALENCIA/VALÈNCIA"
  },
  {
    "name": "María de Huerva, ZARAGOZA"
  },
  {
    "name": "Arañales de Muel, ZARAGOZA"
  },
  {
    "name": "Longares, ZARAGOZA"
  },
  {
    "name": "Cariñena, ZARAGOZA"
  },
  {
    "name": "Encinacorba, ZARAGOZA"
  },
  {
    "name": "Villarreal de Huerva, ZARAGOZA"
  },
  {
    "name": "Villadoz, ZARAGOZA"
  },
  {
    "name": "Badules, ZARAGOZA"
  },
  {
    "name": "Villahermosa, TERUEL"
  },
  {
    "name": "Ferreruela, TERUEL"
  },
  {
    "name": "Cuencabuena, TERUEL"
  },
  {
    "name": "Lechago, TERUEL"
  },
  {
    "name": "Navarrete, TERUEL"
  },
  {
    "name": "Calamocha, TERUEL"
  },
  {
    "name": "Caminreal-Fuentes Claras, TERUEL"
  },
  {
    "name": "Torrijo del Campo, TERUEL"
  },
  {
    "name": "Villafranca del Campo, TERUEL"
  },
  {
    "name": "Santa Eulalia del Campo, TERUEL"
  },
  {
    "name": "Cella, TERUEL"
  },
  {
    "name": "Monreal del Campo, TERUEL"
  },
  {
    "name": "Teruel"
  },
  {
    "name": "Puerto Escandón, TERUEL"
  },
  {
    "name": "Puebla de Valverde, TERUEL"
  },
  {
    "name": "Sarrión, TERUEL"
  },
  {
    "name": "Mora de Rubielos, TERUEL"
  },
  {
    "name": "Rubielos de Mora, TERUEL"
  },
  {
    "name": "Barracas, CASTELLÓN/CASTELLÓ"
  },
  {
    "name": "Masadas Blancas (Apt), CASTELLÓN/CASTELLÓ"
  },
  {
    "name": "Caudiel, CASTELLÓN/CASTELLÓ"
  },
  {
    "name": "Jérica-Viver, CASTELLÓN/CASTELLÓ"
  },
  {
    "name": "Navajas, CASTELLÓN/CASTELLÓ"
  },
  {
    "name": "Segorbe-Arrabal, CASTELLÓN/CASTELLÓ"
  },
  {
    "name": "Segorbe-Ciudad, CASTELLÓN/CASTELLÓ"
  },
  {
    "name": "Algimia-Ciudad, VALENCIA/VALÈNCIA"
  },
  {
    "name": "Soneja, CASTELLÓN/CASTELLÓ"
  },
  {
    "name": "Estivella-Albalat dels Tarongers, VALENCIA/VALÈNCIA"
  },
  {
    "name": "Gilet, VALENCIA/VALÈNCIA"
  },
  {
    "name": "Genovés, VALENCIA/VALÈNCIA"
  },
  {
    "name": "Benigànim, VALENCIA/VALÈNCIA"
  },
  {
    "name": "la Pobla del Duc, VALENCIA/VALÈNCIA"
  },
  {
    "name": "Montaberner, VALENCIA/VALÈNCIA"
  },
  {
    "name": "Bufalí, VALENCIA/VALÈNCIA"
  },
  {
    "name": "Albaida, VALENCIA/VALÈNCIA"
  },
  {
    "name": "Agullent, VALENCIA/VALÈNCIA"
  },
  {
    "name": "Ontinyent, VALENCIA/VALÈNCIA"
  },
  {
    "name": "Agres, ALICANTE/ALACANT"
  },
  {
    "name": "Cocentaina, ALICANTE/ALACANT"
  },
  {
    "name": "Alcoi, ALICANTE/ALACANT"
  },
  {
    "name": "Sueca, VALENCIA/VALÈNCIA"
  },
  {
    "name": "Cullera, VALENCIA/VALÈNCIA"
  },
  {
    "name": "Tavernes de la Valldigna, VALENCIA/VALÈNCIA"
  },
  {
    "name": "Gandia, VALENCIA/VALÈNCIA"
  },
  {
    "name": "Asamblea de Madrid-Entrevías"
  },
  {
    "name": "el Pozo, MADRID"
  },
  {
    "name": "Vallecas, MADRID"
  },
  {
    "name": "Vicálvaro, MADRID"
  },
  {
    "name": "San Fernando de Henares, MADRID"
  },
  {
    "name": "Torrejón de Ardoz, MADRID"
  },
  {
    "name": "Alcalá de Henares, MADRID"
  },
  {
    "name": "Meco, MADRID"
  },
  {
    "name": "Azuqueca, GUADALAJARA"
  },
  {
    "name": "Alcalá de Henares-Universidad, MADRID"
  },
  {
    "name": "Coslada, MADRID"
  },
  {
    "name": "Santa Eugenia, MADRID"
  },
  {
    "name": "la Garena, MADRID"
  },
  {
    "name": "Soto del Henares, MADRID"
  },
  {
    "name": "Guadalajara"
  },
  {
    "name": "Yunquera de Henares, GUADALAJARA"
  },
  {
    "name": "Humanes de Mohernando, GUADALAJARA"
  },
  {
    "name": "Espinosa de Henares, GUADALAJARA"
  },
  {
    "name": "Carrascosa de Henares, GUADALAJARA"
  },
  {
    "name": "Jadraque, GUADALAJARA"
  },
  {
    "name": "Matillas, GUADALAJARA"
  },
  {
    "name": "Baides, GUADALAJARA"
  },
  {
    "name": "Sigüenza, GUADALAJARA"
  },
  {
    "name": "Torralba, SORIA"
  },
  {
    "name": "Medinaceli, SORIA"
  },
  {
    "name": "Arcos de Jalón, SORIA"
  },
  {
    "name": "Santa María de Huerta, SORIA"
  },
  {
    "name": "Monreal de Ariza, ZARAGOZA"
  },
  {
    "name": "Ariza, ZARAGOZA"
  },
  {
    "name": "Cetina, ZARAGOZA"
  },
  {
    "name": "Alhama de Aragón, ZARAGOZA"
  },
  {
    "name": "Bubierca, ZARAGOZA"
  },
  {
    "name": "Ateca, ZARAGOZA"
  },
  {
    "name": "Terrer, ZARAGOZA"
  },
  {
    "name": "Calatayud, ZARAGOZA"
  },
  {
    "name": "Embid de Jalón, ZARAGOZA"
  },
  {
    "name": "Paracuellos-Sabiñán, ZARAGOZA"
  },
  {
    "name": "Sabiñán, ZARAGOZA"
  },
  {
    "name": "Morés, ZARAGOZA"
  },
  {
    "name": "Purroy, ZARAGOZA"
  },
  {
    "name": "Morata de Jalón, ZARAGOZA"
  },
  {
    "name": "Ricla-la Almunia, ZARAGOZA"
  },
  {
    "name": "Calatorao, ZARAGOZA"
  },
  {
    "name": "Salillas de Jalón, ZARAGOZA"
  },
  {
    "name": "Épila, ZARAGOZA"
  },
  {
    "name": "Rueda de Jalón-Lumpiaque, ZARAGOZA"
  },
  {
    "name": "Plasencia de Jalón, ZARAGOZA"
  },
  {
    "name": "Grisén, ZARAGOZA"
  },
  {
    "name": "Casetas, ZARAGOZA"
  },
  {
    "name": "Utebo, ZARAGOZA"
  },
  {
    "name": "Zaragoza-Portillo"
  },
  {
    "name": "Zaragoza-Goya"
  },
  {
    "name": "Zaragoza-Miraflores"
  },
  {
    "name": "el Burgo de Ebro, ZARAGOZA"
  },
  {
    "name": "Fuentes de Ebro, ZARAGOZA"
  },
  {
    "name": "Pina de Ebro, ZARAGOZA"
  },
  {
    "name": "Quinto, ZARAGOZA"
  },
  {
    "name": "la Zaida-Sástago, ZARAGOZA"
  },
  {
    "name": "Azaila, ZARAGOZA"
  },
  {
    "name": "la Puebla de Híjar, TERUEL"
  },
  {
    "name": "Samper, TERUEL"
  },
  {
    "name": "Escatrón, ZARAGOZA"
  },
  {
    "name": "Chiprana, ZARAGOZA"
  },
  {
    "name": "Caspe, ZARAGOZA"
  },
  {
    "name": "Val de Pilas, ZARAGOZA"
  },
  {
    "name": "Fabara, ZARAGOZA"
  },
  {
    "name": "Nonaspe, ZARAGOZA"
  },
  {
    "name": "Faió-la Pobla de Massaluca, TARRAGONA"
  },
  {
    "name": "Riba-Roja d'Ebre, TARRAGONA"
  },
  {
    "name": "Flix, TARRAGONA"
  },
  {
    "name": "Ascó, TARRAGONA"
  },
  {
    "name": "Móra la Nova, TARRAGONA"
  },
  {
    "name": "Els Guiamets, TARRAGONA"
  },
  {
    "name": "Capçanes, TARRAGONA"
  },
  {
    "name": "Marçà-Falset, TARRAGONA"
  },
  {
    "name": "Pradell, TARRAGONA"
  },
  {
    "name": "Duesaigües-l'Argentera, TARRAGONA"
  },
  {
    "name": "Riudecanyes-Botarell, TARRAGONA"
  },
  {
    "name": "Les Borges del Camp, TARRAGONA"
  },
  {
    "name": "Reus, TARRAGONA"
  },
  {
    "name": "Vila-Seca, TARRAGONA"
  },
  {
    "name": "Tarragona"
  },
  {
    "name": "Altafulla-Tamarit, TARRAGONA"
  },
  {
    "name": "Torredembarra, TARRAGONA"
  },
  {
    "name": "Sant Vicenç de Calders, TARRAGONA"
  },
  {
    "name": "Calafell, TARRAGONA"
  },
  {
    "name": "Segur de Calafell, TARRAGONA"
  },
  {
    "name": "Cunit, TARRAGONA"
  },
  {
    "name": "Cubelles, BARCELONA"
  },
  {
    "name": "Vilanova i la Geltrú, BARCELONA"
  },
  {
    "name": "Sitges, BARCELONA"
  },
  {
    "name": "Garraf, BARCELONA"
  },
  {
    "name": "Platja de Castelldefels, BARCELONA"
  },
  {
    "name": "Castelldefels, BARCELONA"
  },
  {
    "name": "Gavà, BARCELONA"
  },
  {
    "name": "el Prat de Llobregat, BARCELONA"
  },
  {
    "name": "Bellvitge-Gornal, BARCELONA"
  },
  {
    "name": "Viladecans, BARCELONA"
  },
  {
    "name": "Barcelona-Sants"
  },
  {
    "name": "Barcelona-Passeig de Gràcia"
  },
  {
    "name": "Roda de Barà, TARRAGONA"
  },
  {
    "name": "Roda de Mar, TARRAGONA"
  },
  {
    "name": "el Vendrell, TARRAGONA"
  },
  {
    "name": "l'Arboç, TARRAGONA"
  },
  {
    "name": "l'Hospitalet de Llobregat, BARCELONA"
  },
  {
    "name": "el Prat Aeroport, BARCELONA"
  },
  {
    "name": "Santa Perpètua de Mogoda-Riera de Caldes, BARCELONA"
  },
  {
    "name": "Puigverd de Lleida-Artesa"
  },
  {
    "name": "Juneda, LLEIDA"
  },
  {
    "name": "Les Borges Blanques, LLEIDA"
  },
  {
    "name": "la Floresta, LLEIDA"
  },
  {
    "name": "Vinaixa, LLEIDA"
  },
  {
    "name": "Vimbodí i Poblet, TARRAGONA"
  },
  {
    "name": "l'Espluga de Francolí, TARRAGONA"
  },
  {
    "name": "Montblanc, TARRAGONA"
  },
  {
    "name": "Vilaverd, TARRAGONA"
  },
  {
    "name": "la Riba, TARRAGONA"
  },
  {
    "name": "la Plana-Picamoixons, TARRAGONA"
  },
  {
    "name": "Alcover, TARRAGONA"
  },
  {
    "name": "la Selva del Camp, TARRAGONA"
  },
  {
    "name": "Huesca"
  },
  {
    "name": "Plasencia del Monte, HUESCA"
  },
  {
    "name": "Ayerbe, HUESCA"
  },
  {
    "name": "Riglos-Concilio, HUESCA"
  },
  {
    "name": "Riglos, HUESCA"
  },
  {
    "name": "Santa María y la Peña, HUESCA"
  },
  {
    "name": "Anzánigo, HUESCA"
  },
  {
    "name": "Caldearenas-Aquilué, HUESCA"
  },
  {
    "name": "Sabiñánigo, HUESCA"
  },
  {
    "name": "Jaca, HUESCA"
  },
  {
    "name": "Castiello-PUEBLO, HUESCA"
  },
  {
    "name": "Castiello, HUESCA"
  },
  {
    "name": "Villanúa, HUESCA"
  },
  {
    "name": "Canfranc, HUESCA"
  },
  {
    "name": "Alcoletge, LLEIDA"
  },
  {
    "name": "Vilanova de la Barca, LLEIDA"
  },
  {
    "name": "Térmens, LLEIDA"
  },
  {
    "name": "Vallfogona de Balaguer, LLEIDA"
  },
  {
    "name": "Balaguer, LLEIDA"
  },
  {
    "name": "Gerb, LLEIDA"
  },
  {
    "name": "Sant Llorenç de Montgai, LLEIDA"
  },
  {
    "name": "Vilanova de la Sal, LLEIDA"
  },
  {
    "name": "Santa Liña, LLEIDA"
  },
  {
    "name": "Ager, LLEIDA"
  },
  {
    "name": "Cellers-Llimiana, LLEIDA"
  },
  {
    "name": "Guardia de Tremp, LLEIDA"
  },
  {
    "name": "Palau-Puigcercos, LLEIDA"
  },
  {
    "name": "Tremp, LLEIDA"
  },
  {
    "name": "Salas de Pallars, LLEIDA"
  },
  {
    "name": "la Pobla de Segur, LLEIDA"
  },
  {
    "name": "Salomó, TARRAGONA"
  },
  {
    "name": "Vilabella, TARRAGONA"
  },
  {
    "name": "Nulles-Bràfim, TARRAGONA"
  },
  {
    "name": "Valls, TARRAGONA"
  },
  {
    "name": "Montcada-Ripollet, BARCELONA"
  },
  {
    "name": "Santa Perpètua de Mogoda la Florida, BARCELONA"
  },
  {
    "name": "Mollet-Santa Rosa, BARCELONA"
  },
  {
    "name": "Parets del Vallès, BARCELONA"
  },
  {
    "name": "Granollers-Canovelles, BARCELONA"
  },
  {
    "name": "Les Franqueses del Vallès, BARCELONA"
  },
  {
    "name": "la Garriga, BARCELONA"
  },
  {
    "name": "Figaró, BARCELONA"
  },
  {
    "name": "Sant Martí de Centelles, BARCELONA"
  },
  {
    "name": "Centelles, BARCELONA"
  },
  {
    "name": "Balenyà-Els Hostalets, BARCELONA"
  },
  {
    "name": "Balenyà-Tona-Seva, BARCELONA"
  },
  {
    "name": "Vic, BARCELONA"
  },
  {
    "name": "Manlleu, BARCELONA"
  },
  {
    "name": "Torelló, BARCELONA"
  },
  {
    "name": "Borgonyà, BARCELONA"
  },
  {
    "name": "Sant Quirze de Besora-Montesquiu, BARCELONA"
  },
  {
    "name": "la Farga de Bebié, BARCELONA"
  },
  {
    "name": "Ripoll, GIRONA"
  },
  {
    "name": "Campdevànol, GIRONA"
  },
  {
    "name": "Ribes de Freser, GIRONA"
  },
  {
    "name": "Planoles, GIRONA"
  },
  {
    "name": "Toses, GIRONA"
  },
  {
    "name": "la Molina, GIRONA"
  },
  {
    "name": "Urtx-Alp, GIRONA"
  },
  {
    "name": "Puigcerdà, GIRONA"
  },
  {
    "name": "la Tour de Carol, GIRONA"
  },
  {
    "name": "Villanueva de Gállego, ZARAGOZA"
  },
  {
    "name": "Zuera, ZARAGOZA"
  },
  {
    "name": "Almudévar, HUESCA"
  },
  {
    "name": "Tardienta, HUESCA"
  },
  {
    "name": "Grañén, HUESCA"
  },
  {
    "name": "Marcen-Poleñino, HUESCA"
  },
  {
    "name": "Sariñena, HUESCA"
  },
  {
    "name": "Selgua, HUESCA"
  },
  {
    "name": "Monzón-Río Cinca, HUESCA"
  },
  {
    "name": "Binéfar, HUESCA"
  },
  {
    "name": "Lleida-Pirineus"
  },
  {
    "name": "Bell-Lloc d'Urgell, LLEIDA"
  },
  {
    "name": "Mollerussa, LLEIDA"
  },
  {
    "name": "Golmés, LLEIDA"
  },
  {
    "name": "Castellnou de Seana, LLEIDA"
  },
  {
    "name": "Bellpuig, LLEIDA"
  },
  {
    "name": "Anglesola, LLEIDA"
  },
  {
    "name": "Tàrrega, LLEIDA"
  },
  {
    "name": "Cervera, LLEIDA"
  },
  {
    "name": "Sant Guim de Freixenet, LLEIDA"
  },
  {
    "name": "Sant Martí Sesgueioles, BARCELONA"
  },
  {
    "name": "Calaf, BARCELONA"
  },
  {
    "name": "Seguers-Sant Pere Sallavinera, BARCELONA"
  },
  {
    "name": "Aguilar de Segarra, BARCELONA"
  },
  {
    "name": "Rajadell, BARCELONA"
  },
  {
    "name": "Manresa, BARCELONA"
  },
  {
    "name": "Sant Vicenç de Castellet, BARCELONA"
  },
  {
    "name": "Castellbell i el Vilar-Monist Montserrat, BARCELONA"
  },
  {
    "name": "Vacarisses, BARCELONA"
  },
  {
    "name": "Vacarisses-Torreblanca, BARCELONA"
  },
  {
    "name": "Viladecavalls, BARCELONA"
  },
  {
    "name": "Sant Miquel de Gonteres, BARCELONA"
  },
  {
    "name": "Terrassa Estació del NORD, BARCELONA"
  },
  {
    "name": "Sabadell SUD, BARCELONA"
  },
  {
    "name": "Sabadell Centre, BARCELONA"
  },
  {
    "name": "Barberà del Vallès, BARCELONA"
  },
  {
    "name": "Cerdanyola del Vallès, BARCELONA"
  },
  {
    "name": "Montcada i Reixac-Santa María, BARCELONA"
  },
  {
    "name": "Montcada i Reixac-Manresa, BARCELONA"
  },
  {
    "name": "Sabadell NORD, BARCELONA"
  },
  {
    "name": "Terrassa EST, BARCELONA"
  },
  {
    "name": "Montcada-Bifurcació, BARCELONA"
  },
  {
    "name": "Torre del Baró-Vallbona, BARCELONA"
  },
  {
    "name": "Fabra i Puig, BARCELONA"
  },
  {
    "name": "Barcelona-Arc de Triomf"
  },
  {
    "name": "Barcelona-Plaça de Catalunya"
  },
  {
    "name": "Barcelona-la Sagrera-Meridiana"
  },
  {
    "name": "Barcelona-Sant Andreu"
  },
  {
    "name": "Montcada i Reixac, BARCELONA"
  },
  {
    "name": "Mollet-Sant Fost, BARCELONA"
  },
  {
    "name": "Montmeló, BARCELONA"
  },
  {
    "name": "Barcelona-el Clot"
  },
  {
    "name": "la Llagosta, BARCELONA"
  },
  {
    "name": "Granollers-Centre, BARCELONA"
  },
  {
    "name": "Cardedeu, BARCELONA"
  },
  {
    "name": "Llinars del Vallès, BARCELONA"
  },
  {
    "name": "Palautordera, BARCELONA"
  },
  {
    "name": "Sant Celoni, BARCELONA"
  },
  {
    "name": "Gualba, BARCELONA"
  },
  {
    "name": "Riells i Viabrea-Breda, GIRONA"
  },
  {
    "name": "Hostalric, GIRONA"
  },
  {
    "name": "Les Franqueses-Granollers NORD, BARCELONA"
  },
  {
    "name": "Maçanet-Massanes, GIRONA"
  },
  {
    "name": "Sils, GIRONA"
  },
  {
    "name": "Caldes de Malavella, GIRONA"
  },
  {
    "name": "Riudellots, GIRONA"
  },
  {
    "name": "Fornells de la Selva, GIRONA"
  },
  {
    "name": "Girona"
  },
  {
    "name": "Celrà, GIRONA"
  },
  {
    "name": "Bordils-Juià, GIRONA"
  },
  {
    "name": "Flaçà, GIRONA"
  },
  {
    "name": "Sant Jordi Desvalls, GIRONA"
  },
  {
    "name": "Camallera, GIRONA"
  },
  {
    "name": "Sant Miquel de Fluvià, GIRONA"
  },
  {
    "name": "Vilamalla, GIRONA"
  },
  {
    "name": "Figueres, GIRONA"
  },
  {
    "name": "Vilajuïga, GIRONA"
  },
  {
    "name": "Llançà, GIRONA"
  },
  {
    "name": "Colera, GIRONA"
  },
  {
    "name": "Portbou, GIRONA"
  },
  {
    "name": "Cerbère, GIRONA"
  },
  {
    "name": "Figueres.bus, GIRONA"
  },
  {
    "name": "Barcelona Estació de França"
  },
  {
    "name": "Sant Adrià de Besòs, BARCELONA"
  },
  {
    "name": "Badalona, BARCELONA"
  },
  {
    "name": "Montgat, BARCELONA"
  },
  {
    "name": "Montgat-NORD, BARCELONA"
  },
  {
    "name": "el Masnou, BARCELONA"
  },
  {
    "name": "Ocata, BARCELONA"
  },
  {
    "name": "Premià de Mar, BARCELONA"
  },
  {
    "name": "Vilassar de Mar, BARCELONA"
  },
  {
    "name": "Cabrera de Mar-Vilassar de Mar, BARCELONA"
  },
  {
    "name": "Mataró, BARCELONA"
  },
  {
    "name": "Sant Andreu de Llavaneres, BARCELONA"
  },
  {
    "name": "Caldes d'Estrac, BARCELONA"
  },
  {
    "name": "Arenys de Mar, BARCELONA"
  },
  {
    "name": "Canet de Mar, BARCELONA"
  },
  {
    "name": "Sant Pol de Mar, BARCELONA"
  },
  {
    "name": "Calella, BARCELONA"
  },
  {
    "name": "Pineda de Mar, BARCELONA"
  },
  {
    "name": "Malgrat de Mar, BARCELONA"
  },
  {
    "name": "Blanes, GIRONA"
  },
  {
    "name": "Tordera, BARCELONA"
  },
  {
    "name": "Santa Susana, BARCELONA"
  },
  {
    "name": "Altsasu-PUEBLO, NAVARRA"
  },
  {
    "name": "Etxarri-Aranatz, NAVARRA"
  },
  {
    "name": "Uharte-Arakil, NAVARRA"
  },
  {
    "name": "Pamplona/Iruña, NAVARRA"
  },
  {
    "name": "Cizurmayor, NAVARRA"
  },
  {
    "name": "Noain, NAVARRA"
  },
  {
    "name": "Biurrun-Campanas, NAVARRA"
  },
  {
    "name": "Carrascal, NAVARRA"
  },
  {
    "name": "Garinoain, NAVARRA"
  },
  {
    "name": "Tafalla, NAVARRA"
  },
  {
    "name": "Olite-Erriberri, NAVARRA"
  },
  {
    "name": "Pitillas, NAVARRA"
  },
  {
    "name": "Caparroso, NAVARRA"
  },
  {
    "name": "Marcilla de Navarra"
  },
  {
    "name": "Villafranca de Navarra"
  },
  {
    "name": "Milagro, NAVARRA"
  },
  {
    "name": "Haro, LA RIOJA"
  },
  {
    "name": "Cenicero San Isidro, LA RIOJA"
  },
  {
    "name": "Haro el Pardo, LA RIOJA"
  },
  {
    "name": "Logroño, LA RIOJA"
  },
  {
    "name": "Recajo, LA RIOJA"
  },
  {
    "name": "Agoncillo, LA RIOJA"
  },
  {
    "name": "Arrúbal, LA RIOJA"
  },
  {
    "name": "Alcanadre, LA RIOJA"
  },
  {
    "name": "Féculas-Navarra"
  },
  {
    "name": "Calahorra, LA RIOJA"
  },
  {
    "name": "Rincón de Soto, LA RIOJA"
  },
  {
    "name": "Alfaro, LA RIOJA"
  },
  {
    "name": "Castejón de Ebro, NAVARRA"
  },
  {
    "name": "Tudela de Navarra"
  },
  {
    "name": "Ribaforada, NAVARRA"
  },
  {
    "name": "Cortes de Navarra"
  },
  {
    "name": "Gallur, ZARAGOZA"
  },
  {
    "name": "Luceni, ZARAGOZA"
  },
  {
    "name": "Pedrola, ZARAGOZA"
  },
  {
    "name": "Cabañas de Ebro, ZARAGOZA"
  },
  {
    "name": "Alagón, ZARAGOZA"
  },
  {
    "name": "Soria"
  },
  {
    "name": "Turín P.S., NAN"
  },
  {
    "name": "Bardonecchia, NAN"
  },
  {
    "name": "Novara, NAN"
  },
  {
    "name": "Milán C., NAN"
  },
  {
    "name": "Coscurita, SORIA"
  },
  {
    "name": "Almazán-Villa, SORIA"
  },
  {
    "name": "Tardelcuende, SORIA"
  },
  {
    "name": "Quintana Redonda, SORIA"
  },
  {
    "name": "Bern, NAN"
  },
  {
    "name": "Zurich HB, NAN"
  },
  {
    "name": "Fribourg, NAN"
  },
  {
    "name": "Geneve, NAN"
  },
  {
    "name": "Lausanne, NAN"
  },
  {
    "name": "Orleans-Les.aubrais, NAN"
  },
  {
    "name": "Paris-Austerlitz, DESCONOCIDO"
  },
  {
    "name": "Limoges, NAN"
  },
  {
    "name": "Lyon Perrache, NAN"
  },
  {
    "name": "Valence Ville, NAN"
  },
  {
    "name": "Beziers, NAN"
  },
  {
    "name": "Poitiers, NAN"
  },
  {
    "name": "Narbonne, DESCONOCIDO"
  },
  {
    "name": "Marseille St Charles, NAN"
  },
  {
    "name": "Montpellier SUD de France, DESCONOCIDO"
  },
  {
    "name": "Nimes Pont Du Gard, NAN"
  },
  {
    "name": "Montpellier Saint-Roch, DESCONOCIDO"
  },
  {
    "name": "Sete, NAN"
  },
  {
    "name": "Agde, NAN"
  },
  {
    "name": "Nimes, NAN"
  },
  {
    "name": "Lyon Part Dieu, NAN"
  },
  {
    "name": "Perpignan"
  },
  {
    "name": "Blois(Fr), NAN"
  },
  {
    "name": "Marnee Chessy, DESCONOCIDO"
  },
  {
    "name": "Lyon Saint-Exupery TGV, NAN"
  },
  {
    "name": "Valence TGV, NAN"
  },
  {
    "name": "Avignon TGV, NAN"
  },
  {
    "name": "Aix En Provence TGV, NAN"
  },
  {
    "name": "Gandía-BUS, VALENCIA/VALÈNCIA"
  },
  {
    "name": "Toledo"
  },
  {
    "name": "Marbella-BUS, MÁLAGA"
  },
  {
    "name": "Estepona-BUS, MÁLAGA"
  },
  {
    "name": "Denia-BUS, ALICANTE/ALACANT"
  },
  {
    "name": "Daimiel, CIUDAD REAL"
  },
  {
    "name": "Almagro, CIUDAD REAL"
  },
  {
    "name": "Ermensinde, NAN"
  },
  {
    "name": "Trofa, NAN"
  },
  {
    "name": "Farmalicao, NAN"
  },
  {
    "name": "Nine, NAN"
  },
  {
    "name": "Barcelos, NAN"
  },
  {
    "name": "Barroselas, NAN"
  },
  {
    "name": "Viana da Castelo, NAN"
  },
  {
    "name": "Ancora Praia, NAN"
  },
  {
    "name": "Caminha, NAN"
  },
  {
    "name": "Vila Nova de Cerveira, NAN"
  },
  {
    "name": "Porto Campanha - o Porto Campaña, NAN"
  },
  {
    "name": "Lisboa-Santa Apolonia, NAN"
  },
  {
    "name": "Lisboa-Estación Oriente, NAN"
  },
  {
    "name": "Entroncamt, NAN"
  },
  {
    "name": "Fátima, NAN"
  },
  {
    "name": "Pombal, NAN"
  },
  {
    "name": "Coímbra-B, NAN"
  },
  {
    "name": "Pampilhosa, NAN"
  },
  {
    "name": "Sta.comba, NAN"
  },
  {
    "name": "Nelas, NAN"
  },
  {
    "name": "Mangualde, NAN"
  },
  {
    "name": "Celorico-Beira, NAN"
  },
  {
    "name": "Vila Franca das Naves, NAN"
  },
  {
    "name": "Guarda, NAN"
  },
  {
    "name": "Vilar Formoso, NAN"
  },
  {
    "name": "Abrantes, NAN"
  },
  {
    "name": "Marvao, NAN"
  },
  {
    "name": "Museo-Ferrocar., MADRID"
  },
  {
    "name": "Barcelos, NAN"
  },
  {
    "name": "la Molina - Skitren, GIRONA"
  },
  {
    "name": "Sara Baras, BARCELONA"
  },
  {
    "name": "Terracota, BARCELONA"
  },
  {
    "name": "Portave.ferrari, BARCELONA"
  },
  {
    "name": "Vilafranca del Penedés, BARCELONA"
  },
  {
    "name": "Plaça Catalunya, BARCELONA"
  },
  {
    "name": "Plaça Catalunya / Bcn. Sants, BARCELONA"
  },
  {
    "name": "Caldes de Malavella-Vichy Catalán, GIRONA"
  },
  {
    "name": "Portaventura, BARCELONA"
  },
  {
    "name": "Ferraryland, BARCELONA"
  },
  {
    "name": "Sant Sadurní d'Anoia, BARCELONA"
  },
  {
    "name": "Caribe Park, BARCELONA"
  },
  {
    "name": "Pitis, MADRID"
  },
  {
    "name": "el Tejar, MADRID"
  },
  {
    "name": "Mirasierra-Paco de Lucía, MADRID"
  },
  {
    "name": "Madrid-Ramón y Cajal"
  },
  {
    "name": "Jávea-BUS, ALICANTE/ALACANT"
  },
  {
    "name": "Madrid - Atocha Cercanías"
  },
  {
    "name": "Fuente de la Mora, MADRID"
  },
  {
    "name": "Alcalá de Henares, MADRID"
  },
  {
    "name": "Monzón-BUS, HUESCA"
  },
  {
    "name": "Binéfar-BUS, HUESCA"
  },
  {
    "name": "Valdebebas, MADRID"
  },
  {
    "name": "Madrid-Aeropuerto T4"
  },
  {
    "name": "Madrid Cercanías"
  },
  {
    "name": "Santa Pola-BUS, ALICANTE/ALACANT"
  },
  {
    "name": "los Arenales-BUS, ALICANTE/ALACANT"
  },
  {
    "name": "Altet-BUS, ALICANTE/ALACANT"
  },
  {
    "name": "Gran Alacant-BUS, ALICANTE/ALACANT"
  },
  {
    "name": "Barbastro-BUS, HUESCA"
  },
  {
    "name": "Graus-BUS, HUESCA"
  },
  {
    "name": "Benasque-BUS, HUESCA"
  },
  {
    "name": "Jaca-BUS, HUESCA"
  },
  {
    "name": "Candanchú-BUS, HUESCA"
  },
  {
    "name": "Astún-BUS, HUESCA"
  },
  {
    "name": "Biescas-BUS, HUESCA"
  },
  {
    "name": "Panticosa-BUS, HUESCA"
  },
  {
    "name": "Formigal-BUS, HUESCA"
  },
  {
    "name": "Sanxenxo-BUS, PONTEVEDRA"
  },
  {
    "name": "Ogrove-BUS, PONTEVEDRA"
  },
  {
    "name": "Cangas-BUS, PONTEVEDRA"
  },
  {
    "name": "Bueu-BUS, PONTEVEDRA"
  },
  {
    "name": "Sabiñánigo-BUS, HUESCA"
  },
  {
    "name": "Andorra-BUS, NAN"
  },
  {
    "name": "Aguadulce-BUS, ALMERÍA"
  },
  {
    "name": "Roquetas-BUS, ALMERÍA"
  },
  {
    "name": "Ourense Turístico"
  },
  {
    "name": "Muros-BUS, PONTEVEDRA"
  },
  {
    "name": "Fisterra-BUS, PONTEVEDRA"
  },
  {
    "name": "Torrevieja-BUS, ALICANTE/ALACANT"
  },
  {
    "name": "Benidorm-BUS, ALICANTE/ALACANT"
  },
  {
    "name": "Torrevieja-Playa-BUS, ALICANTE/ALACANT"
  },
  {
    "name": "Benidorm- Playa-BUS, ALICANTE/ALACANT"
  },
  {
    "name": "Tánger Med-Barco, NAN"
  },
  {
    "name": "Tánger Ville-Barco, NAN"
  },
  {
    "name": "Ceuta-Barco, NAN"
  },
  {
    "name": "Cáceres."
  },
  {
    "name": "Mérida., CÁCERES"
  },
  {
    "name": "Museo Ferrocarril, MADRID"
  },
  {
    "name": "Antequera Santa Ana, MÁLAGA"
  },
  {
    "name": "Ponferrada-BUS, LEÓN"
  },
  {
    "name": "Madrid-Príncipe Pío Turístico"
  },
  {
    "name": "Morales del Vino-BUS, ZAMORA"
  },
  {
    "name": "Corrales del Vino-BUS, ZAMORA"
  },
  {
    "name": "Peleas de Arriba-BUS, ZAMORA"
  },
  {
    "name": "Cubo de la Tierra del Vino-BUS, ZAMORA"
  },
  {
    "name": "C.p.topas-BUS, SALAMANCA"
  },
  {
    "name": "Calzada de Valdunciel-BUS, SALAMANCA"
  },
  {
    "name": "Aldeaseca de la Armuña-BUS, SALAMANCA"
  },
  {
    "name": "Toro-BUS, ZAMORA"
  },
  {
    "name": "Guardamar-BUS, ALICANTE/ALACANT"
  },
  {
    "name": "a Coruña-Turístico"
  },
  {
    "name": "Puertollano-Turístico, CIUDAD REAL"
  },
  {
    "name": "Plasencia-Turístico, CÁCERES"
  },
  {
    "name": "Badajoz-Turístico"
  },
  {
    "name": "Sevilla-Turistico"
  },
  {
    "name": "Faro-BUS, HUELVA"
  },
  {
    "name": "Faro Aeropuerto-BUS, HUELVA"
  },
  {
    "name": "Albufeira-BUS, HUELVA"
  },
  {
    "name": "Portimao-BUS, HUELVA"
  },
  {
    "name": "Lagos-BUS, HUELVA"
  },
  {
    "name": "Tavira-BUS, HUELVA"
  },
  {
    "name": "Vila Real de San Antonio-BUS, HUELVA"
  },
  {
    "name": "Villajoyosa-BUS, ALICANTE/ALACANT"
  },
  {
    "name": "Cuéllar-BUS, SEGOVIA"
  },
  {
    "name": "Santiago-Turístico, A CORUÑA"
  },
  {
    "name": "Valle del Rupestre Valderredible, CANTABRIA"
  },
  {
    "name": "Pontevedra-Turístico"
  },
  {
    "name": "Huesca-BUS"
  },
  {
    "name": "Tarragona-BUS"
  },
  {
    "name": "Salou-BUS, TARRAGONA"
  },
  {
    "name": "Reus-BUS, TARRAGONA"
  },
  {
    "name": "Pinto-Tur, MADRID"
  },
  {
    "name": "Salamanca-BUS"
  },
  {
    "name": "Gijón-Turístico, ASTURIAS"
  },
  {
    "name": "Oviedo-Tur, ASTURIAS"
  },
  {
    "name": "Ferrol-Tur, A CORUÑA"
  },
  {
    "name": "Mira, CUENCA"
  },
  {
    "name": "Leon Turistico"
  },
  {
    "name": "Vigo Guixar Turístico, PONTEVEDRA"
  },
  {
    "name": "Barcelona França Turístico"
  },
  {
    "name": "Soria Enlace AVE"
  },
  {
    "name": "Calpe-BUS, ALICANTE/ALACANT"
  },
  {
    "name": "Altea-BUS, ALICANTE/ALACANT"
  },
  {
    "name": "Madrid Embajadores Muf"
  },
  {
    "name": "Navalmoral de la Mata Turístico, CÁCERES"
  },
  {
    "name": "Pinto, MADRID"
  },
  {
    "name": "Vicálvaro, MADRID"
  },
  {
    "name": "el Escorial, MADRID"
  },
  {
    "name": "Cerced.tur, MADRID"
  },
  {
    "name": "Aranjuez-Motín, MADRID"
  },
  {
    "name": "Aranjuez-Fresa, MADRID"
  },
  {
    "name": "Alcalá de Henares Monumental, MADRID"
  },
  {
    "name": "Wildlife, MADRID"
  },
  {
    "name": "Sol-Familia Addams, MADRID"
  },
  {
    "name": "Embajadores-Festival Magia, MADRID"
  },
  {
    "name": "Sol - King Of Pop, MADRID"
  },
  {
    "name": "Andorra, PONTEVEDRA"
  },
  {
    "name": "Cercedilla Turístico, MADRID"
  },
  {
    "name": "Puerto Navacerrada, MADRID"
  },
  {
    "name": "Cotos, SEGOVIA"
  },
  {
    "name": "Vielha-BUS, LLEIDA"
  }
]